name	e_no	icon_url	
 98	98	no_icon.jpg
 GonePast	142	Pface01.png
 Mrs.オルドハットマン	10	le=h01s.png
 NAS	97	Ic_0001.png
 Past	142	Pface01.png
 ■▣■■☒■▮■	122	/icon00.png
 　　　	87	no_icon.jpg
 『ホム』	60	omicon1.png
 『世界』	20	ile=685.png
 『世界』	20	le=1051.png
 『世界』	20	123-131.png
 『夢』	55	ela_i00.png
 『夢』	55	_cwsi00.png
 『硝子の葉脈』	54	no_icon.jpg
 『硝子の葉脈』	54	/img/no.jpg
 うえさわ	163	/LOicon.png
 えとわ	214	ture009.png
 おばちゃん	236	/obacon.png
 おやゆぴ	304	o/icon0.png
 おやゆぴ	304	/icon01.png
 おやゆぴ	304	no_icon.jpg
 お金の神様	327	okane1i.png
 お金の神様	327	okane0i.png
 かぐや	25	no_icon.jpg
 かすかちゃん	191	oujou01.png
 かな	137	QAAqW8I.png
 かにのかとる	27	no_icon.jpg
 かにのかとる	27	7f860fd.jpg
 くぁー	355	no_icon.jpg
 くしゃみさん	251	4377158.png
 くすりゆぴ	306	=icon1y.png
 くろいの	173	no_icon.jpg
 くろいの	173	/img/no.jpg
 くろいの	173	kuroino.png
 こゆぴ	308	/LO/UP6.png
 こゆぴ	308	LO/HUP6.png
 こゆぴ	308	LO/UP6a.png
 ごーるでんにゃべつ	222	no_icon.jpg
 ごーるでんにゃべつ	222	/img/no.jpg
 ごーるでんにゃべつ	222	old_i15.png
 すいか	62	&type=a.png
 すいか	62	file=a2.png
 ちこちゃん	62	=aikonn.png
 てるてるぼうず	324	no_icon.jpg
 てるてるぼうず	324	/img/no.jpg
 とらぎぷちゃん	39	ma-icon.png
 なかゆぴ	318	kayupii.png
 ななし	234	_Icon00.png
 ねぎ子	83	file=i1.png
 はっぴちゃん	106	no_icon.jpg
 はっぴちゃん	106	bf89b18.gif
 はっぴちゃん	106	072cd25.png
 はむ	73	400x400.jpg
 はりねずみさん	265	8082703.png
 はるか	384	aruka_s.jpg
 はるか	384	uka_i01.png
 ひとさしゆぴ	307	to_i_02.jpg
 ほなみさん	322	1fd_500.jpg
 ぼや	48	e=VY_02.png
 まりあ	42	cnRiTfJ.jpg
 まりあ	42	wCCTque.jpg
 まりあ(同行時は前回設定を推奨)	42	wCCTque.jpg
 みしゅりん	316	no_icon.jpg
 みしゅりん	316	/img/no.jpg
 みみ	83	no_icon.jpg
 やどりぎひめ	98	no_icon.jpg
 やどりぎひめ	98	/img/no.jpg
 やどりぎひめ	47	no_icon.jpg
 やどりぎひめ	47	81224-5.png
 やどりぎひめ	47	90118-3.png
 やどりぎひめ	47	90118-2.png
 るーく	295	54CAA75.png
 わこ	27	e=aikon.png
 わこちゃん	129	=konnko.png
 わたげ	115	0watage.png
 わたげ	115	tage002.png
 わたし	147	A005906.png
 アウエーレ	278	/ele_i1.png
 アウエーレ	278	a4d4356.png
 アウラ	9	e=aura2.png
 アウロラ	70	o1_75sq.png
 アカリ	272	ari_ip0.png
 アクア	96	ua_ico0.png
 アデニー	360	f_icon0.png
 アデニー	360	f_icon1.png
 アナシア	47	rain000.png
 アパラバル	151	no_icon.jpg
 アマリア	45	maria00.png
 アラン	108	le=lo09.png
 アリス	354	no_icon.jpg
 アリーシア	83	rishia1.png
 アルザーン	209	ne_face.png
 アルザーン	209	zane4_f.png
 アルシェ	58	LAicon6.png
 アルテナ	90	con_2_1.png
 アルマ	22	e=icon5.png
 アルマ	22	&file=1.png
 アルメリリ	61	npani01.png
 アルル	252	a_al1_0.jpg
 アルレット	40	270719e.png
 アレク	301	no_icon.jpg
 アレク	301	=areku2.png
 アレク	301	kunomal.png
 アレル	224	b8080a3.png
 アワリ	29	no_icon.jpg
 アンノウン	5	no_icon.jpg
 アンノウン	5	/img/no.jpg
 アンバー	165	o2_75sq.png
 アーノルド	110	iller02.png
 アーロ	271	no_icon.jpg
 アーロ	271	/urDMgu.png
 イゼット	368	no_icon.jpg
 イゼット	368	/img/no.jpg
 イモム氏	276	MSf8LHU.png
 イルメナ	352	ilmena0.jpg
 イン	164	f1U-g4F.png
 インクォ	267	0EDCF8.jpeg
 ウェズリィ	249	loa/lo2.png
 ウーリ	243	e=umai2.png
 ウーリ	243	e=urii4.png
 エアリス	80	o_icon1.png
 エアリス	80	2_0_1_1.png
 エアリル	44	no_icon.jpg
 エディ	65	Lsod_00.png
 エヌ	137	le=NN_1.png
 エミール	157	le_0000.png
 エリストリア	334	4u/icon.jpg
 エリストリア　※キャラ削除連れ出し厳禁	334	4u/icon.jpg
 エル	283	e=EL001.png
 エルタ	139	e=eruta.png
 エレナ	211	no_icon.jpg
 エレナ	211	/img/no.jpg
 エンヴァー	60	lky_60A.png
 エーシ	244	=Aicon0.png
 エーテル	150	Ether-2.png
 オクス	377	le=ox01.png
 オズ	364	no_icon.jpg
 オズ	364	/img/no.jpg
 オルジェ	101	=orge_1.png
 オルランド	88	yst/ori.png
 カイ	75	no_icon.jpg
 カウミノル	94	=lasod0.png
 カグラ	379	no_icon.jpg
 カグラ	379	swyQQjoido9
 カシュー	179	no_icon.jpg
 カシュー	179	/img/no.jpg
 カティア	152	5042b11.png
 カルミナ	234	_Icon00.png
 カルミナ/銀雪	234	_Icon00.png
 カルラ	237	no_icon.jpg
 カルヴォス	176	_tuujou.png
 カロテ	264	=aikon2.png
 カンちゃん	361	ile=kan.png
 ガオール	359	NLYGc2J.png
 ガモリ	76	_icon01.png
 キトナフ	75	no_icon.jpg
 キャド	12	ohuteki.png
 クォート	64	ote_i01.png
 クマダ	303	umada60.png
 クマダ	303	umada01.png
 クラヴィス	100	youkou3.png
 クラヴィス	342	no_icon.jpg
 クラヴィス	342	9EE825.jpeg
 クレイス	139	b66~mv2.png
 クロ	50	no_icon.jpg
 クーリエ	344	rm_0000.png
 グラッド	216	cAIEqlQ.png
 グリ	248	no_icon.jpg
 グリ	248	/img/no.jpg
 グリフ	146	le=G7-C.jpg
 グリフ	86	urihu60.png
 グリフ	86	kaiwa60.png
 グロウス	329	yIcon01.png
 ケス	159	no_icon.jpg
 ケス	159	/img/no.jpg
 ケテル	73	le=3001.png
 ケートゥ	36	o4_75sq.png
 ケートゥ	36	h/cond1.png
 ゲオルグ	339	/GICON1.png
 コガミ＆テール	68	i_omega.png
 コガレ	19	size_mode=5
 コガレ	19	efault2.png
 コガレ	19	ttledef.png
 ココット	98	no_icon.jpg
 コモン	6	no_icon.jpg
 コモン	6	ic/ico0.png
 コルネリア	285	_icon01.png
 コルネリア	285	n/cor01.png
 コンマ	351	b9/ai01.png
 コンヴァイン	156	p/koni1.jpg
 ゴギョウ	46	con/001.png
 サスーリカ	120	face001.png
 サフィニア	280	inia_07.png
 サンク	353	no_icon.jpg
 サンク	353	/img/no.jpg
 サンドレ	24	aso_002.png
 サンマ	330	OA/wada.png
 サート	59	w/sert1.jpg
 ザク	82	no_icon.jpg
 ザナ	3	a_icon3.png
 シェリィ	270	erry-iA.jpg
 シエラ	111	no_icon.jpg
 シセラ	18	68e3349.png
 シセラ(連れ出しは前回設定で)	18	68e3349.png
 シッパイサク	152	hippai5.png
 シナバー	226	no_icon.jpg
 シナバー	226	oke_ico.png
 シフォン	33	no_icon.jpg
 シフォン	33	/img/no.jpg
 シメキリ	255	no_icon.jpg
 シメキリ	255	/img/no.jpg
 シャケ	9	no_icon.jpg
 シャポン	118	no_icon.jpg
 シャラヴィス	1	icon_00.png
 シャル	208	/img/no.jpg
 シャル	208	no_icon.jpg
 シュシュ	28	nsyusyu.png
 シュティル	111	con_000.png
 シュナイド	293	orira00.png
 シュレー	79	hreyIC1.png
 シラハギ	65	icon_00.png
 シリウス	172	e4/hal0.png
 シリウス	172	55.png?dl=1
 シリス	221	o1_75sq.png
 シロ	261	3k/siro.png
 シヲ	37	iwoicon.png
 シンセミア	320	illa/01.png
 シー	140	rakao01.png
 シーア	155	8C89459.png
 シーレ	57	06IA_01.png
 ジェイド	66	icon001.jpg
 ジスティー	294	le=icon.png
 ジュジュ	120	86%29_s.png
 ジューゴ	325	no_icon.jpg
 ジョーカー	259	ker60-0.png
 ジーン	326	e_ico02.png
 スォム	112	no_icon.jpg
 スォム	112	/img/no.jpg
 スォム	112	_con449.png
 スォム	112	m_icon1.png
 スティーブ	289	no_icon.jpg
 スティーブ	289	/img/no.jpg
 ステラ	160	yat/158.png
 ステラ	160	/str_09.png
 スバル	203	4031859.png
 スバル	203	0052505.png
 スフィ	174	no_icon.jpg
 スプファー	373	no_icon.jpg
 スプファー	373	/img/no.jpg
 スペ	247	le=2200.png
 スレイン	2	oA_i001.png
 スレイン	2	oA_i001.gif
 ズィガード	17	&file=0.png
 セシリア	391	n_nomal.png
 セレン	150	no_icon.jpg
 セレーネ	25	no_icon.jpg
 ゼロ	311	.jp/i0z.png
 ソゥ	126	no_icon.jpg
 ソーン	363	no_icon.jpg
 ソーン	363	/img/no.jpg
 タチバナ・キッカ	116	monicon.png
 タビビト	26	aaacon1.png
 タンブル・ウィード	374	no_icon.jpg
 ダナン	286	aS1Swzs.png
 ダリダ	287	ida_i01.png
 ダリダ	287	ida_i02.png
 ダリダ	287	ida_i04.png
 チェノー	7	o_st_01.png
 チェノー	7	st_3_01.png
 チェノー	7	st_4_01.png
 チェノー	7	st_5_01.png
 チーロ	383	no_icon.jpg
 チーロ	383	blank60.gif
 ツァラン	119	/icon01.png
 ティア	91	tukii01.png
 ティーネ	200	no_icon.jpg
 ティーネ	200	0115405.jpg
 テケシ	389	tekeshi.png
 テン	144	e=tenic.png
 テンジュウ	69	=ten003.png
 ディグリー	62	no_icon.jpg
 ディグリー	62	d_Icon0.png
 ディボーチ	40	A/icon1.png
 ディボーチ	370	A/icon1.png
 ディボーチ	370	icon101.png
 ディルソ	114	le=dls0.png
 ディヴァイナー	188	A/div_0.png
 ディー	349	no_icon.jpg
 ディート	41	no_icon.jpg
 ディート	41	/img/no.jpg
 デイ	117	=DeiAi1.png
 デイ	117	5ABED1.jpeg
 デカパイ少佐	31	LOAicon.png
 デコ	27	Deco002.png
 デッドエンダー	134	h/icon0.png
 デュザ	357	no_icon.jpg
 デラシネ	184	loa_a00.png
 トビー	23	y_futuu.png
 トム	162	no_icon.jpg
 トム	162	/img/no.jpg
 トレイシー	131	_tcA_01.png
 トロィ	59	isui601.png
 ドリス	4	kkheJYO.png
 ドルミーレ	321	muriic1.png
 ナイ	19	ile=asa.png
 ナイナ	298	no_icon.jpg
 ナイナ	298	/icon01.png
 ナギ	133	no_icon.jpg
 ナギ	133	ture007.png
 ナダル	132	ol80x80.png
 ナツ	41	icnbase.png
 ナマズくん	167	mazukun.png
 ナマズ王	371	no_icon.jpg
 ニンギョ	238	ile=ng1.png
 ニール＆ノア＆ネイ	38	ikki_12.jpg
 ネクサ	143	fo2_250.jpg
 ネムム	44	o_i_011.png
 ネルケ	288	Oicon00.png
 ネロリ	309	713AEBC.png
 ネーバル	207	=neba00.png
 ノアハ	314	oaha1_3.png
 ノノ子	72	osagisi.png
 ノムエド	16	le=drmi.png
 ノースブルック伯爵	340	24/qqq2.png
 ハインツ	333	inz_i01.png
 ハインツ	333	inz_i10.png
 ハンス	148	no_icon.jpg
 ハンナ	274	no_icon.jpg
 バニラ	231	/vico01.png
 バル	313	no_icon.jpg
 バル	313	a/icon0.png
 パピュ	15	ile=p02.png
 ヒグルマ	78	aiyou01.png
 ヒナ	210	/img/no.jpg
 ヒナ	210	&file=1.png
 ヒムナス	29	e/himu1.png
 ファリン	317	/img/no.jpg
 ファリン	317	no_icon.jpg
 ファーファ	67	no_icon.jpg
 フィクスト	262	fixtte1.png
 フィクスト	262	e=storm.png
 フィル	56	le=fil1.png
 フィルロズ	204	ozuface.png
 フェイス	136	faith_0.png
 フェイス	136	faith_5.png
 フェル	279	ht_icon.png
 フェル	279	t2_icon.png
 フラック	182	no_icon.jpg
 フリージア	154	/friI01.jpg
 フローリカ	338	no_icon.jpg
 フローリカ	338	/img/no.jpg
 ブランク	141	blank01.gif
 ブルース	197	ますよ
 ブルース	197	eg28t/3.png
 ヘルン	346	no_icon.jpg
 ヘルン	346	/img/no.jpg
 ヘルン	346	5025327.png
 ベオーク	199	be/ber1.png
 ベルベル・ラム	296	no_icon.jpg
 ベルベル・ラム	296	/img/no.jpg
 ペルラ	175	le=Pe_1.png
 ホムラ	9	no_icon.jpg
 ボウフラ	277	hura002.png
 マイドー・M・マッカ	193	いし！
 マナブ	229	anabu01.png
 マフィ	323	_mafi01.png
 マフィ	323	no_icon.jpg
 マリア	63	loi-001.png
 マリー	232	no_icon.jpg
 マリー	232	/img/no.jpg
 マーサ	201	MEicon1.png
 ミィリス	219	0802-00.png
 ミィリス(対Anotherの為連れ出し非推奨)	219	0802-00.png
 ミザール	242	o1_75sq.png
 ミナ	225	=mina01.png
 ミハク	187	mihaku1.png
 ミヤコ	127	iyakoI.png?
 ミヤコ	16	yako_60.png
 ミュラ	28	no_icon.jpg
 ミュラ	28	onnomal.png
 ミュラ	28	nnonmal.png
 ミリウ	103	ot_face.gif
 ミーティ	195	alstats.png
 メイカ	34	meika01.png
 メイカ	34	_IC2_01.png
 メイナード	260	mei60-2.png
 メグル	370	A/iconA.png
 メゴロオオザリガニ	245	e=robo1.png
 メリー	63	y_icon1.png
 モナカ	228	&file=1.png
 モニ	43	no_icon.png
 モニ	43	728_ha1.png
 モリオン	206	i3/MO01.png
 モーク	21	ce_Main.png
 ヤトア様	53	yatoa02.png
 ヤナギ	233	5826e1c.png
 ヤマツ	202	uicon02.png
 ヤルダバオート	268	0736c8c.png
 ユエ	275	no_icon.jpg
 ユエ	275	/img/no.jpg
 ユスティ	95	Battle1.png
 ユハル	149	LLwXyHL.png
 ユリウス	50	file=lu.png
 ユーグ	220	_new_01.png
 ユーミ	107	/yuumi1.png
 ヨシノ	185	hino_02.png
 ヨシノ	185	_icon02.png
 ヨハン	135	e=J.T.G.png
 ライム	125	=iconL1.png
 ライム【Anotherなので連れ出し非推奨】	125	=iconL1.png
 ライモニアーノ	92	2544310.png
 ライラ	312	adq/ra1.png
 ラウルス	8	no_icon.jpg
 ラウルス	8	/img/no.jpg
 ラクサ	217	む……
 ラクサ	217	e=Raxa2.png
 ラジオを背負った猫	305	no_icon.jpg
 ラジオを背負った猫	305	/img/no.jpg
 ラズン	254	no_icon.jpg
 ラズン	254	/img/no.jpg
 ラニカ	138	ca_IC_1.png
 ラフリフ	121	no_icon.jpg
 ラムネ	341	/ksi022.png
 ラムネ@Anotherなので前回設定推奨	341	/ksi022.png
 ラムネ＆ミミ	341	/ksi022.png
 ランド	343	no_icon.jpg
 ランド	343	1847238.png
 ラヴァンダル	347	3302167.png
 ラヴァンダル	347	=ravan1.png
 ラヴィちゃん	51	le=lov0.png
 ラー	128	no_icon.jpg
 ラー	128	/img/no.jpg
 ラー	128	ikikari.png
 ラーフ	32	icon/00.png
 リオン	12	img/bar.png
 リクラーチェ	178	no_icon.jpg
 リクラーチェ	178	ン000.png
 リゲル	212	_normal.png
 リベラ	215	-ribe01.jpg
 リリ	108	/icon00.png
 リンド	49	/loai01.png
 リーヴィア	300	K8ftWPv.gif
 ルイン	315	no_icon.jpg
 ルイン	315	/img/no.jpg
 ルディ	158	file=rf.png
 ルト	246	/img/no.jpg
 ルト	246	e=ruto1.png
 ルナナ	25	no_icon.jpg
 ルブル	290	no_icon.jpg
 ルブル	290	/img/no.jpg
 ルルフ	33	OA33-01.gif
 ルー	299	/2icon1.png
 ルー	299	2iconyu.png
 ルーク	295	samilk2.png
 レイ	263	no_icon.jpg
 レイ	120	&file=2.png
 レイア	302	no_icon.jpg
 レイア	302	eia_def.png
 レイア	302	_leia_1.png
 レイア	302	_2poyan.png
 レイゼ	387	no_icon.jpg
 レイナ	310	86c182a.png
 レガート	76	no_icon.jpg
 レガート	76	tke/rgf.png
 レジーナ	74	4_ic000.png
 レゼルト	77	ture014.jpg
 レテ	54	nnaikon.png
 レトン	15	gAArKXR.png
 レナ	168	e=LENA1.png
 レーチェ	385	no_icon.jpg
 ロカム	189	=rokamu.png
 ロカム	189	ころか
 ロズ	113	=loads1.png
 ロセ	180	00.png?dl=1
 ロセ	180	/rose00.png
 ロゼ	365	5f_2_60.png
 ロディ	235	LOA_IC0.png
 ロディ	235	percent.png
 ローデヴェイク	372	le=uma2.png
 ワーティファナ	81	CD7446F.png
 ワーティファナ	81	9C9B69C.png
 ワーティファナ	81	1EF95AD.png
 ワーティファナ	81	5FB18DE.png
 ヴァンス	218	no_icon.jpg
 ヴェルカナン	367	no_icon.jpg
 ヴェルカナン	367	/img/no.jpg
 七味	258	emblem1.png
 七味	258	=sitmi1.png
 九助	241	USUKE00.png
 九鬼	230	no_icon.jpg
 九鬼	230	/img/no.jpg
 代理ちゃん	104	1200930.png
 仮面の男	339	no_icon.jpg
 信者A	52	no_icon.jpg
 信者A	52	/img/no.jpg
 俺	240	on_lo01.png
 傘男	213	cPBv7XY.png
 傘男	213	cXXTRvX.png
 傘男	213	DiM2wok.png
 千尋	190	=cdicon.png
 千尋	190	con1_60.png
 千尋	190	hiro001.png
 名も亡き者	124	icon000.png
 名捨て人	95	Battle1.png
 喋るトカゲ	148	no_icon.jpg
 土偶	161	no_icon.jpg
 土偶	161	/img/no.jpg
 壊れたカメラ	142	nown-3-.png
 夜桜	84	no_icon.jpg
 夜桜	84	ozakura.png
 夜桜	84	akuraic.png
 夜桜	84	zakura0.png
 夢見坂	166	no_icon.jpg
 夢見坂	166	mizaka1.PNG
 大参謀	194	9_gyaku.png
 大根	331	g/uni01.png
 天藍花	144	e=tenic.png
 女神	250	p/ver04.png
 宵	85	no_icon.jpg
 宵	85	/syouic.png
 家津	198	no_icon.jpg
 家津	198	?format=png
 少女	227	8/08/31.png
 少女/巡礼者	109	con_x60.png
 尺夜	145	no_icon.jpg
 山茶花	358	no_icon.jpg
 弥々子	186	no_icon.jpg
 彗星	99	inet/i1.png
 彗星	99	et/i1_b.png
 手品師	344	_Q_Icon.png
 旅人	169	no_icon.jpg
 旅人	169	pri/105.png
 月夜	75	kiya_i1.png
 月猫	85	eko_kao.png
 朔	25	no_icon.jpg
 木葉	102	e=konha.png
 枯草	374	no_icon.jpg
 枯草	374	/img/no.jpg
 桐味噌塗	92	no_icon.jpg
 桐味噌塗	92	bebr/00.png
 榊原	233	kki/1-2.png
 榊原	233	1836d0b.png
 榊原	233	5826e1c.png
 歩行爆弾	266	ジジジ
 死線	30	isen_i1.png
 渡辺さん	227	8/08/31.png
 灰原	93	no_icon.jpg
 灰原	93	ihara60.png
 炎霧	392	no_icon.jpg
 炎霧	392	/img/no.jpg
 烟玖	13	k_i_st0.png
 焔泳の魔女	297	no_icon.jpg
 焔泳の魔女	297	/img/no.jpg
 煙奏者	71	no_icon.jpg
 煙奏者	71	/img/no.jpg
 生贄	253	lo_icon.png
 監視者	194	9_gyaku.png
 真音	35	o(icon).png
 真音	35	=s_maoo.png
 祀里	105	asuo/i1.png
 空っぽ	89	ile=aik.png
 空っぽ	89	e=kara1.png
 空っぽ	89	e=kara0.png
 緋色の狐	256	fiicon5.jpg
 緋色の狐	256	38fox-i.jpg
 美月	348	tensi_i.png
 美月	348	_normal.png
 羽水	123	=laa_i0.png
 羽水	123	じだか
 羽水	123	laa_c01.png
 聖女	362	mell024.png
 聖女	362	mell029.png
 聖女	362	mell035.png
 聖女	362	Mell013.png
 自称おじさん	29	no_icon.jpg
 花の妖精	375	wZOnLPv.png
 花の妖精	375	wJ0q6Pg.png
 苗	183	no_icon.jpg
 苗	183	/img/no.jpg
 虫ちゃん	284	/mushi1.png
 虫ちゃん	284	=mushi1.png
 虹掛山古墳	181	no_icon.jpg
 虹掛山古墳	181	/img/no.jpg
 蜜桃	130	le=ic02.png
 観光客	129	=toumei.png
 野良猫	356	_icon01.png
 闇	14	lass_00.png
 陰	218	/img/no.jpg
 陰	218	no_icon.jpg
 陰	218	8EE8E1C.png
 雷刀	378	/light0.jpg
 霧中の何か	381	no_icon.jpg
 霧海	11	le=M_05.png
 魔砲剣士	126	e=Clear.png
 黄昏の手品師	344	rm_0000.png
 黄金原さん	369	no_icon.jpg
 黄金原さん	369	/img/no.jpg
 黒猫トミー	390	ommy000.jpg
 ＊＊＊＊	328	no_icon.jpg
 ＊＊＊＊	328	/img/no.jpg
(自称)メイド わこちゃん	129	=konnko.png
- くろいの	173	kuroino.png
- 土偶	161	no_icon.jpg
- 土偶	161	/img/no.jpg
362	362	Mell013.png
362	362	Mell027.png
Arcana Knights ⅩⅩⅠ『世界』 『世界』	20	ile=685.png
Arcana Knights ⅩⅩⅠ『世界』 『世界』	20	123-131.png
Arcana Knights ⅩⅩⅠ『世界』反転体 『世界』	20	le=1051.png
ArcanaKnights No.XIX ヒグルマ	78	aiyou01.png
ArcanaKnights No.XVIII 千尋	190	con1_60.png
ArcanaKnights No.XVIII 千尋	190	hiro001.png
ArcanaKnights No.|| シュレー	79	hreyIC1.png
ArcanaKnights No.Ⅴ クラヴィス	100	youkou3.png
High Roller ラズン	254	no_icon.jpg
High Roller ラズン	254	/img/no.jpg
JK 黄金原さん	369	no_icon.jpg
JK 黄金原さん	369	/img/no.jpg
No.vi-『恋人』 ラヴィちゃん	51	le=lov0.png
OL ディルソ	114	le=dls0.png
Prof. カグラ	379	swyQQjoido9
V-i 預言者／探偵 クォート	64	ote_i01.png
XIV-『節制』 アルシェ	58	LAicon6.png
XV-『悪魔』 ブルース	197	eg28t/3.png
“支配” ヤトア様	53	yatoa02.png
“死神探偵” アリス	354	no_icon.jpg
“混沌を狩る者” シェリィ	270	erry-iA.jpg
≪希望の守護者≫ ランド	343	no_icon.jpg
≪希望の守護者≫ ランド	343	1847238.png
■■の眷属 ナイ	19	ile=asa.png
《黄昏の射手》 月夜	75	kiya_i1.png
「血」の ロズ	113	=loads1.png
「血」のヤルカナ ロズ	113	=loads1.png
『M.A.G.E』 エンヴァー	60	lky_60A.png
『オールドガール』 渡辺さん	227	8/08/31.png
『大参謀』と『干渉者』 大参謀	194	9_gyaku.png
『大参謀』と『干渉者』 監視者	194	9_gyaku.png
『氷雪の』 アウラ	9	e=aura2.png
【IX-i】“哲学者” ヤマツ	202	uicon02.png
【日蝕】 ラフリフ	121	no_icon.jpg
【浄天烈地の灼陽】 ラー	128	no_icon.jpg
【浄天烈地の灼陽】 ラー	128	/img/no.jpg
【浄天烈地の灼陽】 ラー	128	ikikari.png
あの日の砂浜 デカパイ少佐	31	LOAicon.png
あんこう！あんこう！ ナマズくん	167	mazukun.png
うさみるく るーく	295	54CAA75.png
うさみるく ルーク	295	samilk2.png
おかあさん おやゆぴ	304	o/icon0.png
おかあさん おやゆぴ	304	/icon01.png
おかん おばちゃん	236	/obacon.png
おにぎりは肉派 ズィガード	17	&file=0.png
おにぎりは肉派 フィル	56	le=fil1.png
お姫さま ネロリ	309	713AEBC.png
かみ お金の神様	327	okane1i.png
かみ お金の神様	327	okane0i.png
がくせい うえさわ	163	/LOicon.png
がさつな妖狐 宵	85	no_icon.jpg
がさつな妖狐 宵	85	/syouic.png
くす玉の赤ちゃん（？） スペ	247	le=2200.png
この少年は既に肩書きを捨ててしまった 名捨て人	95	Battle1.png
さすらいの商売人 ラウルス	8	no_icon.jpg
さすらいの商売人/ヤルカナレギオン（吸血鬼） ラウルス	8	no_icon.jpg
さすらいの商売人/ヤルカナレギオン（吸血鬼） ラウルス	8	/img/no.jpg
しおおにぎりはよきもの シュシュ	28	nsyusyu.png
しがない錬金術師 フィクスト	262	fixtte1.png
しがない錬金術師 フィクスト	262	e=storm.png
しろくろ ミリウ	103	ot_face.gif
じいさん 自称おじさん	29	no_icon.jpg
ただ1人の犠牲 聖女	362	mell024.png
ただ1人の犠牲 聖女	362	mell029.png
ただ1人の犠牲 聖女	362	mell035.png
ただ1人の犠牲 聖女	362	Mell013.png
たまごサンドんまい フィル	56	le=fil1.png
だいたい寝ている ドルミーレ	321	muriic1.png
つややかなねこ 野良猫	356	_icon01.png
ないしょだ サート	59	w/sert1.jpg
なかまがなついてくれない タビビト	26	aaacon1.png
ながれぼしのたびびと ミリウ	103	ot_face.gif
なんちゃってアロマセラピスト ミュラ	28	no_icon.jpg
なんちゃってアロマセラピスト ミュラ	28	onnomal.png
なんちゃってアロマセラピスト ミュラ	28	nnonmal.png
なんでも屋 羽水	123	=laa_i0.png
なんでも屋 羽水	123	じだか
なんでも屋 羽水	123	laa_c01.png
のんびりふらふら旅行者 ボウフラ	277	hura002.png
ふわりゆらり、漂う幻影 ソゥ	126	no_icon.jpg
ぼんよりまほーつかい ネムム	44	o_i_011.png
まんなか なかゆぴ	318	kayupii.png
アイドル！ ヒナ	210	&file=1.png
アグロノミスト チーロ	383	no_icon.jpg
アグロノミスト チーロ	383	blank60.gif
アルカナナイツ ⅩⅢ 『死神』 	362	Mell013.png
アルカナナイツ ⅩⅢ 『死神』 	362	Mell027.png
アルカナナイツ ⅩⅢ 『死神』 聖女	362	Mell013.png
アルカナナイツ アンノウン	5	no_icon.jpg
アルカナナイツ アンノウン	5	/img/no.jpg
アルカナナイツ ダナン	286	aS1Swzs.png
アルカナナイツ デッドエンダー	134	h/icon0.png
アルカナナイツ ローデヴェイク	372	le=uma2.png
アルカナナイツiii『女帝』 ヴェルカナン	367	no_icon.jpg
アルカナナイツiii『女帝』 ヴェルカナン	367	/img/no.jpg
アルカナナイツ『審判』 アルメリリ	61	npani01.png
アルカナナイツ『月』 ティア	91	tukii01.png
アルカナナイツ【正義】 ユスティ	95	Battle1.png
アルカナナイツ【正義】 名捨て人	95	Battle1.png
アルカナナイツ【皇帝】 リクラーチェ	178	no_icon.jpg
アルカナナイツ【皇帝】 リクラーチェ	178	ン000.png
アルカナナイツの《悪魔》 ブルース	197	ますよ
アルカナナイツ＊戦車＊ シャラヴィス	1	icon_00.png
アルカレイア【ザ・タワー】 尺夜	145	no_icon.jpg
アルケミックシルフィ レナ	168	e=LENA1.png
アンノウンガール 少女	227	8/08/31.png
ウェイトレス ファリン	317	/img/no.jpg
ウェイトレス ファリン	317	no_icon.jpg
カス デカパイ少佐	31	LOAicon.png
カツサンド派 ズィガード	17	&file=0.png
ガウラウから来た癒し手 ガモリ	76	_icon01.png
ガジェット天狗 霧海	11	le=M_05.png
キミの友達 ネクサ	143	fo2_250.jpg
グルメ妖精 シー	140	rakao01.png
ザ・スカベンジャー ミザール	242	o1_75sq.png
シューティングスターお兄さん(自称) シリウス	172	e4/hal0.png
シューティングスターお兄さん(自称) シリウス	172	55.png?dl=1
スカベンジャー ミザール	242	o1_75sq.png
ストレンボール（九星球） スペ	247	le=2200.png
セントヴェスペル聖騎士団 騎士長 ジスティー	294	le=icon.png
チャリで来た。 観光客	129	=toumei.png
ツクリモノ ウェズリィ	249	loa/lo2.png
ティーフェアリー 天藍花	144	e=tenic.png
テイレア コモン	6	no_icon.jpg
テイレア コモン	6	ic/ico0.png
トリックスター（自称） かすかちゃん	191	oujou01.png
ハーバリスト バニラ	231	/vico01.png
バレンタイン仕様 すいか	62	&type=a.png
ヒール屋 ツァラン	119	/icon01.png
ヒーロー ネクサ	143	fo2_250.jpg
フルーツサンドなるものをたべたい シュシュ	28	nsyusyu.png
フルーツマスター ココット	98	no_icon.jpg
フロイライン コルネリア	285	_icon01.png
フロイライン コルネリア	285	n/cor01.png
ベジロイド、または居候ロボット NAS	97	Ic_0001.png
メイド オルジェ	101	=orge_1.png
メイド服触手お兄さん シュシュ	28	nsyusyu.png
メイド（仮） シエラ	111	no_icon.jpg
メイド（自称） わこ	27	e=aikon.png
メゴロ精工SC04 メゴロオオザリガニ	245	e=robo1.png
ヤルカナレギオンXXI-i　永劫 モニ	43	no_icon.png
ヤルカナレギオン　永劫 モニ	43	no_icon.png
ヤルカナレギオン　永劫 モニ	43	728_ha1.png
ヤルカナレギオン「魂」 スォム	112	no_icon.jpg
ヤルカナレギオン「魂」 スォム	112	/img/no.jpg
ヤルカナレギオン「魂」 スォム	112	_con449.png
ヤルカナレギオン「魂」 スォム	112	m_icon1.png
ヤルカナレギオン「魔女」 シーレ	57	06IA_01.png
ヤルカナレギオン『夢』 『夢』	55	ela_i00.png
ヤルカナレギオン『夢』 『夢』	55	_cwsi00.png
ヤルカナレギオン『愛人』 ワーティファナ	81	CD7446F.png
ヤルカナレギオン『愛人』 ワーティファナ	81	9C9B69C.png
ヤルカナレギオン『愛人』 ワーティファナ	81	1EF95AD.png
ヤルカナレギオン『愛人』　 ワーティファナ	81	5FB18DE.png
ユアハニー ガオール	359	NLYGc2J.png
ライブラリアン 緋色の狐	256	fiicon5.jpg
ラジオを背負った猫 ラジオを背負った猫	305	no_icon.jpg
ラジオを背負った猫 ラジオを背負った猫	305	/img/no.jpg
リジェネレーター ジョーカー	259	ker60-0.png
レンジャー トビー	23	y_futuu.png
ロックンローラー フラック	182	no_icon.jpg
ロボット兼居候兼探索者 NAS	97	Ic_0001.png
一尾95円 サンマ	330	OA/wada.png
一玉108 Tip すいか	62	file=a2.png
一玉1080 Tip すいか	62	file=a2.png
一般・学生 ちこちゃん	62	=aikonn.png
一触即発 大根	331	g/uni01.png
三重の『二』 ワーティファナ	81	CD7446F.png
不思議な死霊術師 ダリダ	287	ida_i02.png
不思議な死霊術師 ダリダ	287	ida_i04.png
不思議な死霊術師 ダリダ	287	ida_i01.png
不憫 ライモニアーノ	92	2544310.png
九百九十九魔槍 シラハギ	65	icon_00.png
乱れ撃つ魔弾の ジョーカー	259	ker60-0.png
予言探偵 クォート	64	ote_i01.png
二代目かろりーそーど イルメナ	352	ilmena0.jpg
人間好きの理想主義者 エアリス	80	o_icon1.png
今なら1,298,000円 デカパイ少佐	31	LOAicon.png
今回だけ頑張るっす！ ヤナギ	233	5826e1c.png
仮面の行商人 ラヴァンダル	347	3302167.png
仮面の行商人 ラヴァンダル	347	=ravan1.png
伯爵 ノースブルック伯爵	340	24/qqq2.png
何も持たぬ者/何かを掴みに行く者 ナイナ	298	no_icon.jpg
何も持たぬ者/何かを掴みに行く者 ナイナ	298	/icon01.png
何者でもない存在 名捨て人	95	Battle1.png
侵食者 俺	240	on_lo01.png
俺がリーダー ズィガード	17	&file=0.png
傭兵メイド ラニカ	138	ca_IC_1.png
元オカルト詐欺師 ノノ子	72	osagisi.png
元人間・元騎士 ハインツ	333	inz_i01.png
元騎士 ハインツ	333	inz_i10.png
元騎士団小隊長 レトン	15	gAArKXR.png
出前一丁 リベラ	215	-ribe01.jpg
剣の聖女 サフィニア	280	inia_07.png
剣士 サート	59	w/sert1.jpg
剣客系宿屋兼食堂兼酒場店主 レゼルト	77	ture014.jpg
動きます すいか	62	file=a2.png
医療用傷病者運搬トラウマギプス とらぎぷちゃん	39	ma-icon.png
博愛主義の探究者 エアリス	80	o_icon1.png
博愛主義の探究者 エアリス	80	2_0_1_1.png
占い師 クレイス	139	b66~mv2.png
名も無き、ただ美しいだけの男さ…… 仮面の男	339	no_icon.jpg
呪具現の魔女 フィルロズ	204	ozuface.png
命と闇の天使 みしゅりん	316	no_icon.jpg
命と闇の天使 みしゅりん	316	/img/no.jpg
地質学者 雷刀	378	/light0.jpg
壊れたカメラ 壊れたカメラ	142	nown-3-.png
声亡しビト エヌ	137	le=NN_1.png
変質者 ザク	82	no_icon.jpg
多用途鑑賞群体（廃棄） 虫ちゃん	284	/mushi1.png
多用途鑑賞群体（廃棄） 虫ちゃん	284	=mushi1.png
夢の向こう側からやってきた猫と使い魔 ラムネ	341	/ksi022.png
夢の向こう側からやってきた猫と使い魔 ラムネ@Anotherなので前回設定推奨	341	/ksi022.png
夢の向こう側からやってきた猫神と、神獣のワシミミズク ラムネ＆ミミ	341	/ksi022.png
天使もどき グリフ	86	kaiwa60.png
天翼の賢者 アリーシア	83	rishia1.png
失敗作 魔砲剣士	126	e=Clear.png
奔放ノーブル フェル	279	ht_icon.png
奔放ノーブル フェル	279	t2_icon.png
女神（自称） 女神	250	p/ver04.png
妖服屋の娘 レテ	54	nnaikon.png
学生 ジーン	326	e_ico02.png
学生 レジーナ	74	4_ic000.png
宇宙冒険家（トラベラー） バル	313	no_icon.jpg
宇宙冒険家（トラベラー） バル	313	a/icon0.png
宇宙探検家 モーク	21	ce_Main.png
宇宙海賊☆ アルル	252	a_al1_0.jpg
守護天使 美月	348	tensi_i.png
守護天使 美月	348	_normal.png
宝石細工師 アルザーン	209	ne_face.png
宝石細工師 アルザーン	209	zane4_f.png
宮廷魔術師 ノアハ	314	oaha1_3.png
家なき子 ハンナ	274	no_icon.jpg
宿屋の娘 ロゼ	365	5f_2_60.png
小さき魔女 レイゼ	387	no_icon.jpg
小さなマイペース鍛冶屋 メイカ	34	meika01.png
小さなマイペース鍛冶屋 メイカ	34	_IC2_01.png
小さな小さな都市伝説 メリー	63	y_icon1.png
小さな都市伝説 メリー	63	y_icon1.png
少佐 ネルケ	288	Oicon00.png
屍人喰らいの女子高生 祀里	105	asuo/i1.png
崩れ行く黒土 チェノー	7	st_3_01.png
巡回神父 ヨハン	135	e=J.T.G.png
希望を創り、食らう者 カルヴォス	176	_tuujou.png
帰宅部部長 アレル	224	b8080a3.png
平穏に嫌われた者 エーシ	244	=Aicon0.png
幸せな獣 ミハク	187	mihaku1.png
幻蝶 シンセミア	320	illa/01.png
庭園の主 やどりぎひめ	47	81224-5.png
庭園の主 やどりぎひめ	47	90118-3.png
庭園の主 やどりぎひめ	47	90118-2.png
廃棄処分 アルマ	22	e=icon5.png
廃棄処分 アルマ	22	&file=1.png
強欲の大罪 アワリ	29	no_icon.jpg
形造る影 『ホム』	60	omicon1.png
彷徨人 スレイン	2	oA_i001.png
彷徨人 スレイン	2	oA_i001.gif
従者 ディート	41	no_icon.jpg
従者 ディート	41	/img/no.jpg
御神瞳 はるか	384	aruka_s.jpg
御神瞳(ごしんとう) はるか	384	aruka_s.jpg
御神瞳(ごしんとう) はるか	384	uka_i01.png
心優しき癒し手 エルタ	139	e=eruta.png
忌むべき赤 ドリス	4	kkheJYO.png
怪生物 グリ	248	no_icon.jpg
怪生物 グリ	248	/img/no.jpg
悪霊刀鍛冶 グリフ	146	le=G7-C.jpg
悲願華の魔女 まりあ	42	cnRiTfJ.jpg
悲願華の魔女 まりあ	42	wCCTque.jpg
悲願華の魔女 まりあ(同行時は前回設定を推奨)	42	wCCTque.jpg
惑星統一国家スティヴァーレ教皇直属兵『アルカナナイツ』十六番”塔”の騎士 シナバー	226	no_icon.jpg
惑星統一国家スティヴァーレ教皇直属兵『アルカナナイツ』十六番”塔”の騎士 シナバー	226	oke_ico.png
成功だった失敗作 シッパイサク	152	hippai5.png
手品師 手品師	344	_Q_Icon.png
持たざる者 マリア	63	loi-001.png
撃ち貫く弾丸の ジョーカー	259	ker60-0.png
擬態のスライム ライム	125	=iconL1.png
擬態のスライム ライム【Anotherなので連れ出し非推奨】	125	=iconL1.png
攫い手 ヨシノ	185	hino_02.png
攫い手 ヨシノ	185	_icon02.png
放浪者 ベオーク	199	be/ber1.png
教授 カグラ	379	no_icon.jpg
料理人 レーチェ	385	no_icon.jpg
料理評論家 クマダ	303	umada60.png
料理評論家 クマダ	303	umada01.png
斥候 ケス	159	no_icon.jpg
新たな生命体を考案する死の天使 エーテル	150	Ether-2.png
新人自警団員（実戦経験ゼロ） アーロ	271	no_icon.jpg
新人自警団員（実戦経験ゼロ） アーロ	271	/urDMgu.png
旅するカフェのオーナーシェフ リベラ	215	-ribe01.jpg
旅する幽霊 デイ	117	=DeiAi1.png
旅する幽霊 デイ	117	5ABED1.jpeg
旅人 ディグリー	62	no_icon.jpg
旅人 ディグリー	62	d_Icon0.png
旅人 デラシネ	184	loa_a00.png
旅人 ハンス	148	no_icon.jpg
旅人 ブランク	141	blank01.gif
旅人 ミナ	225	=mina01.png
旅人 九鬼	230	no_icon.jpg
旅人 九鬼	230	/img/no.jpg
旅行者 ねぎ子	83	file=i1.png
日蝕に咲く彼岸花 千尋	190	con1_60.png
日陰の求道者 カティア	152	5042b11.png
星の加護を授けしもの Mrs.オルドハットマン	10	le=h01s.png
星の声 ステラ	160	yat/158.png
星の声 ステラ	160	/str_09.png
星を辿る見習い狩人 ラーフ	32	icon/00.png
時空を駆けるハラペコ レイナ	310	86c182a.png
暗殺者 クロ	50	no_icon.jpg
暢気な スプファー	373	no_icon.jpg
暢気な スプファー	373	/img/no.jpg
最も私から遠いわたし わたし	147	A005906.png
木曜の魔女 カシュー	179	no_icon.jpg
木曜の魔女 カシュー	179	/img/no.jpg
末っ子 こゆぴ	308	/LO/UP6.png
末っ子 こゆぴ	308	LO/HUP6.png
末っ子 こゆぴ	308	LO/UP6a.png
本の虫 シロ	261	3k/siro.png
来たりて止む風 ナギ	133	no_icon.jpg
来たりて止む風 ナギ	133	ture007.png
根無し草 シーア	155	8C89459.png
格闘家 フェイス	136	faith_0.png
格闘家 フェイス	136	faith_5.png
棺桶 カンちゃん	361	ile=kan.png
極東初の純国産自動人形 アマノリ マナブ	229	anabu01.png
楽園へ導く天使 エル	283	e=EL001.png
横の者 代理ちゃん	104	1200930.png
橋渡りのオルランド オルランド	88	yst/ori.png
歪んだ博愛の成れ果て エアリス	80	2_0_1_1.png
死の天使 エーテル	150	Ether-2.png
死を想う男 ユリウス	50	file=lu.png
殺人マシーン アーノルド	110	iller02.png
氷猫炎狐 コガミ＆テール	68	i_omega.png
永久の夢遊者 『夢』	55	ela_i00.png
治し屋 リンド	49	/loai01.png
泣きうさぎ モナカ	228	&file=1.png
流星の魔銃士 ロセ	180	/rose00.png
流離う機鋼の狼少年 ホムラ	9	no_icon.jpg
深海に住まう隠者 アウロラ	70	o1_75sq.png
深海の水竜姫 ミィリス	219	0802-00.png
深海の水竜姫 ミィリス(対Anotherの為連れ出し非推奨)	219	0802-00.png
漂流者 シヲ	37	iwoicon.png
灰の歌姫 エレナ	211	no_icon.jpg
灰の歌姫 エレナ	211	/img/no.jpg
灰燼の魔女 サンドレ	24	aso_002.png
炎使い かな	137	QAAqW8I.png
烏の魔の者 モリオン	206	i3/MO01.png
無明探偵 九助	241	USUKE00.png
焦げくさい黒土 チェノー	7	o_st_01.png
熊の神獣 ロカム	189	=rokamu.png
熊の神獣 ロカム	189	ころか
狭間に立つモノ 真音	35	=s_maoo.png
猪突猛進の冒険者 ミーティ	195	alstats.png
猫 ダナン	286	aS1Swzs.png
王。 ナマズ王	371	no_icon.jpg
珍しくもない 喋るトカゲ	148	no_icon.jpg
生贄の花嫁 生贄	253	lo_icon.png
白紙 ななし	234	_Icon00.png
白紙 カルミナ	234	_Icon00.png
白紙 カルミナ/銀雪	234	_Icon00.png
白羊楽士 ベルベル・ラム	296	no_icon.jpg
白羊楽士 ベルベル・ラム	296	/img/no.jpg
白群研究所所属研究員兼被検体 コガレ	19	size_mode=5
白群研究所所属研究員兼被検体 コガレ	19	efault2.png
白群研究所所属研究員兼被検体 コガレ	19	ttledef.png
盗賊 グラッド	216	cAIEqlQ.png
盗賊 ディー	349	no_icon.jpg
目醒めぬ忌み星 ラーフ	32	icon/00.png
看板娘 七味	258	emblem1.png
看板娘 七味	258	=sitmi1.png
知恵の樹の魔女 ネーバル	207	=neba00.png
砂糖の天使 フリージア	154	/friI01.jpg
神使 ほなみさん	322	1fd_500.jpg
神使の友 テンジュウ	69	=ten003.png
禍つ血脈 ケートゥ	36	o4_75sq.png
禍つ血脈 ケートゥ	36	h/cond1.png
空前絶後のマジパネェミルキーウェイギャラクシーイタ飯屋バイト マイドー・M・マッカ	193	いし！
第二書庫隊特殊調査班 ■▣■■☒■▮■	122	/icon00.png
精霊魔導師見習い リーヴィア	300	K8ftWPv.gif
純潔の淫魔 インクォ	267	0EDCF8.jpeg
純白の毒花 千尋	190	hiro001.png
継がれる憧憬 キャド	12	ohuteki.png
緋桜の姫 アルテナ	90	con_2_1.png
緋羽の巫姫 名も亡き者	124	icon000.png
緋羽の神子姫 名も亡き者	124	icon000.png
美しき冒険者 ゲオルグ	339	/GICON1.png
美少女 タチバナ・キッカ	116	monicon.png
美食愛好会職員 メグル	370	A/iconA.png
翻訳家 家津	198	no_icon.jpg
翻訳家 家津	198	?format=png
聖女 リオン	12	img/bar.png
聖歌の僧侶 ザナ	3	a_icon3.png
臆病者の恋煩い シリス	221	o1_75sq.png
芋畑のエンジニア ぼや	48	e=VY_02.png
若頭 榊原	233	kki/1-2.png
若頭 榊原	233	1836d0b.png
若頭 榊原	233	5826e1c.png
茶会の魔王 ディボーチ	40	A/icon1.png
茶会の魔王 ディボーチ	370	A/icon1.png
草原駆け テケシ	389	tekeshi.png
虚のアルカナ『迷宮』 『硝子の葉脈』	54	no_icon.jpg
虚のアルカナ『迷宮』 『硝子の葉脈』	54	/img/no.jpg
虚ろな隣人 ロディ	235	LOA_IC0.png
虹掛山古墳レインボーランド名誉園長 虹掛山古墳	181	no_icon.jpg
虹掛山古墳レインボーランド名誉園長 虹掛山古墳	181	/img/no.jpg
血の聖女/巡礼者 少女/巡礼者	109	con_x60.png
行商人 カロテ	264	=aikon2.png
行商人 ミヤコ	16	yako_60.png
街の自警団/騎士 アレク	301	=areku2.png
街の自警団/騎士 アレク	301	kunomal.png
街の自警団/騎士 レイア	302	_2poyan.png
街の自警団　/　騎士 アレク	301	=areku2.png
街の自警団　/　騎士 レイア	302	eia_def.png
街の自警団　/　騎士 レイア	302	_leia_1.png
街の自警団　/　騎士 レイア	302	_2poyan.png
見つめる黒土 チェノー	7	st_4_01.png
見回す黒土 チェノー	7	o_st_01.png
見習い魔法使い ルー	299	/2icon1.png
見習い魔法使い ルー	299	2iconyu.png
観光者 ルルフ	33	OA33-01.gif
訓練兵 ウーリ	243	e=umai2.png
訓練兵 ウーリ	243	e=urii4.png
記録係 Gone Past	142	Pface01.png
記録係 GonePast	142	Pface01.png
輪廻の白羊 ラクサ	217	む……
輪廻の白羊 ラクサ	217	e=Raxa2.png
農業用ロボット コンヴァイン	156	p/koni1.jpg
迷夢の花 テン	144	e=tenic.png
迷宮王女 ミヤコ	127	iyakoI.png?
追放の騎士 トロィ	59	isui601.png
逃亡野菜 ごーるでんにゃべつ	222	no_icon.jpg
逃亡野菜 ごーるでんにゃべつ	222	/img/no.jpg
逃亡野菜 ごーるでんにゃべつ	222	old_i15.png
進捗確認システム シメキリ	255	no_icon.jpg
進捗確認システム シメキリ	255	/img/no.jpg
逸れ桃娘 蜜桃	130	le=ic02.png
遍歴騎士と悪魔 グロウス	329	yIcon01.png
重欠陥機体 デコ	27	Deco002.png
重騎士 カイ	75	no_icon.jpg
野蛮人 アンバー	165	o2_75sq.png
金貸し ゴギョウ	46	con/001.png
錬金春告精 レナ	168	e=LENA1.png
錬金術師 フィクスト	262	fixtte1.png
鍵っ子 クラヴィス	342	no_icon.jpg
鍵っ子 クラヴィス	342	9EE825.jpeg
閃く発明人魚 夢見坂	166	no_icon.jpg
閃く発明人魚 夢見坂	166	mizaka1.PNG
閉ざされた屋敷のメイド ユーミ	107	/yuumi1.png
開拓者 キトナフ	75	no_icon.jpg
限界と束縛の統括者 ティーネ	200	no_icon.jpg
限界と束縛の統括者 ティーネ	200	0115405.jpg
隠者の帆船“No.8”の少女 アルレット	40	270719e.png
隠者の帆船“No.9” アルレット	40	270719e.png
隠者の弟子 シュティル	111	con_000.png
雨乞い師 てるてるぼうず	324	no_icon.jpg
雨乞い師 てるてるぼうず	324	/img/no.jpg
青人形の従者 ユーグ	220	_new_01.png
骸の魔術師 オズ	364	no_icon.jpg
骸の魔術師 オズ	364	/img/no.jpg
高校生 ワーティファナ	81	CD7446F.png
鬼神少年 スティーブ	289	no_icon.jpg
鬼神少年 スティーブ	289	/img/no.jpg
魔なる血族 アマリア	45	maria00.png
魔を統べるもの ノムエド	16	le=drmi.png
魔女 マフィ	323	_mafi01.png
魔女屋敷の乙女 トレイシー	131	_tcA_01.png
魔女志望 ユエ	275	no_icon.jpg
魔女志望 ユエ	275	/img/no.jpg
魔王 ディボーチ	370	icon101.png
魔術師 アラン	108	le=lo09.png
魔術師 レガート	76	no_icon.jpg
魔術師 レガート	76	tke/rgf.png
黄昏の手品師 クーリエ	344	rm_0000.png
黄昏の手品師 黄昏の手品師	344	rm_0000.png
黒い者 チェノー	7	st_5_01.png
黒剣姫 エリストリア	334	4u/icon.jpg
黒剣姫 エリストリア　※キャラ削除連れ出し厳禁	334	4u/icon.jpg
（じしょう） 女神	250	p/ver04.png
＊魔術師 灰原	93	no_icon.jpg
＊魔術師 灰原	93	ihara60.png
？？ ケテル	73	le=3001.png
