proper_id	name	
0	 
1	THE CHARIOT
2	THE WORLD
3	斬払
4	突刺
5	投射
6	冥闇
7	斬術
8	料理
9	柔和
10	THE FOOL
11	THE MOON
12	天光
13	殴打
14	幻術
15	呪術
16	丁寧
17	THE DEVIL
18	THE HIEROPHANT
19	神術
20	命術
21	男性
22	射撃
23	盗術
24	THE HERMIT
25	火炎
26	THE TOWER
27	疾風
28	奇術
29	THE HANGED MAN
30	地学
31	STRENGTH
32	打術
33	工芸学
34	氷水
35	風水学
36	天文学
37	THE STAR
38	JUDGEMENT
39	音楽
40	機動学
41	粗野
42	WHEEL OF FORTUNE
43	火術
44	舞踊
45	化学
46	無口
47	冥術
48	THE EMPRESS
49	心理学
50	老人
51	THE EMPEROR
52	TEMPERANCE
53	JUSTICE
54	突術
55	女性
56	護衛
57	DEATH
58	THE LOVERS
59	THE SUN
60	算術
61	THE MAGICIAN
62	THE HIGH PRIESTESS
63	GOOD
64	主力
65	固有斬払武器
66	固有移動
67	確歩
68	固有設置
69	武器屋
70	確認
71	防具
72	固有衣服
73	衣服屋
74	固有防具
75	防具屋
76	固有投射武器
77	固有殴打武器
78	固有氷水魔器
79	魔器屋
80	固有天光魔器
81	固有疾風魔器
82	固有火炎魔器
83	固有冥闇魔器
84	装飾
85	固有装飾
86	装飾屋
87	固有護符
88	護符屋
89	固有突刺武器
90	-
91	固有
92	解離
93	特有設置
94	固有食物
95	体調回復
96	天満宮
97	設置
98	付与工房
99	食物
100	特有
101	先発
102	OVER
103	散策施設
104	固有鉱物
105	行動
106	移動
107	固有植物
108	活力
109	貫徹 
110	異常
111	追憶
112	固有薬物
113	利胆
114	転送装置
115	固有生物
116	列傷斬払
117	滋養
118	罠
119	動物園
120	信仰施設
121	強壮
122	共有
123	健康
124	博物館
125	幸運
126	補血
127	開眼
128	判断
129	祭器屋
130	転化
131	競技場
132	衣服
133	耐冥闇
134	情熱
135	記念館
136	再付与工房
137	希望
138	解毒
139	合成工房
140	喫茶店
141	瀕死
142	専有
143	解放
144	博愛
145	解熱
146	熱烈
147	回復施設
148	療養
149	自動
150	鑑賞施設
151	教会
152	沈黙
153	穏便
154	神聖
155	休息施設
156	普遍
157	農園
158	鈍感
159	研究所
160	止血
161	兵器屋
162	明星
163	定食屋
164	蘇生
165	期待
166	鎮咳
167	安定
168	宿屋
169	神殿
170	洞察
171	居酒屋
172	清熱
173	素朴
174	着実
175	忍耐
176	カラオケボックス
177	軟堅
178	守護
179	斬払武器
180	高揚
181	A
182	産業施設
183	理気
184	循環
185	鎮痙
186	精神
187	去痰
188	病院
189	向上
190	活動
191	アニマルカフェ
192	整腸
193	楽器屋
194	鎮静
195	忘却
196	駆風
197	復帰
198	耐投射
199	療術所
200	礼拝堂
201	優雅
202	純化
203	不滅
204	食堂
205	抗菌
206	甘味
207	奮気
208	集中
209	逆境
210	勇気
211	甘味処
212	明晰
213	克服
214	図書館
215	消化
216	健胃
217	思考
218	好転
219	爽涼
220	プラネタリウム
221	美徳
222	耐殴打
223	平和
224	度胸
225	大地
226	遊園地
227	謎物
228	傷斬払封殺
229	前進
230	修復
231	解消
232	変化
233	嬉々
234	聡明
235	延命
236	家畜小屋
237	診療所
238	排除
239	厄除
240	リゾートホテル
241	温情
242	野外ステージ
243	水族館
244	映画館
245	鎮痛
246	浄化
247	公園
248	理性
249	修道院
250	安息
251	神社
252	天眼
253	変容
254	沈着
255	代謝
256	生物
257	魔除
258	消炎
259	知恵
260	止痛
261	聖堂
262	熱愛
263	平穏
264	軽減
265	遊戯施設
266	料亭
267	柔軟
268	専門料理店
269	緩和
270	打消
271	伝達
272	破邪
273	保護
274	美術館
275	神宮
276	ゲームセンター
277	太陽
278	旅館
279	活性
280	安心
281	帯電
282	破魔
283	温泉
284	植物園
285	農耕
286	武器
287	散策
288	転送
289	楽器
290	遊戯
291	信仰
292	魔器
293	産業
294	鑑賞
295	護符
296	祭器
297	兵器
298	合成
299	再付与
300	回復
301	休息
302	付与
303	腕力
304	器用
305	理力
306	敏捷
307	体力
308	豊穣
309	NORMAL
310	屋台
311	果樹園
312	B
313	発揮
314	殴打武器
315	成功
316	塔
317	ビーチ
318	静穏
319	ペンション
320	冥闇魔器
321	突刺武器
322	城
323	植物
324	鉱物
325	健康ランド
326	補助
327	健康食品店
328	薬物
329	星期
330	火炎魔器
331	BAD
332	劇場
333	武具
334	天光魔器
335	変革
336	氷水魔器
337	疾風魔器
338	体育館
339	中庭
340	講堂
341	給食室
342	実験室
343	図書室
344	医務室
345	常時
346	Wait 
347	Go 
348	味方残LP【30】％以下時
349	【7】ターン以降
350	味方残LP【20】％以下時
351	味方残LP【50】％以下時
352	PT残LP平均【75】％以下時
353	【8】ターン以降
354	【10】ターン以降
355	【4】ターン以降
356	【1】ターン以降
357	【3】ターン以降
358	【5】ターン以降
359	【6】ターン以降
360	味方残LP【40】％以下時
361	【9】ターン以降
362	自分残LP【50】％以下時
363	【2】ターン以降
364	味方状態異常【混乱】時
365	【12】ターン以降
366	味方残LP【45】％以下時
367	PT残LP平均【30】％以下時
368	PT残LP平均【40】％以下時
369	味方残FP【20】％以下時
370	PT残LP平均【50】％以下時
371	自分残LP【30】％以下時
372	味方残【3】人以上時
373	味方残【2】人以上時
374	自分残LP【20】％以下時
375	自分残LP【25】％以下時
376	味方残LP【100】％以下時
377	自分残LP【100】％以下時
378	自分残LP【70】％以下時
379	自分残LP【40】％以下時
380	相手残【3】人以下時
381	相手残【1】人以上時
382	味方残LP【60】％以下時
383	味方残LP【25】％以下時
384	相手残【1】人以下時
385	味方残【4】人以上時
386	自分残FP【50】％以下時
387	味方残FP【50】％以下時
388	味方残LP【80】％以下時
389	自分残LP【60】％以下時
390	【15】ターン以降
391	味方残LP【33】％以下時
392	味方残LP【35】％以下時
393	【35】
394	味方残LP【70】％以下時
395	PT残LP平均【70】％以下時
396	自分残LP【80】％以下時
397	味方残LP【75】％以下時
398	PT残LP平均【60】％以下時
399	PT残LP平均【0】％以下時
400	味方残【5】人以上時
401	相手残【5】人以上時
402	相手残【3】人以上時
403	味方残【2】人以下時
404	味方残FP【25】％以下時
405	味方残FP【30】％以下時
406	自分残LP【99】％以下時
407	味方残【1】人以下時
408	味方残LP【55】％以下時
409	自分残LP【45】％以下時
410	味方残【1】人以上時
411	味方状態異常【猛毒封殺麻痺混乱魅了】時
412	味方残FP【80】％以下時
413	自分残FP【80】％以下時
414	相手残【2】人以下時
415	味方残LP【0】％以下時
416	自分残LP【90】％以下時
417	味方残FP【85】％以下時
418	自分残LP【68】％以下時
419	PT残LP平均【25】％以下時
420	自分残LP【75】％以下時
421	自分残FP【20】％以下時
422	味方残FP【15】％以下時
423	味方残LP【72】％以下時
424	【11】ターン以降
425	味方残FP【60】％以下時
426	PT残FP平均【70】％以下時
427	味方残FP【40】％以下時
428	自分残FP【95】％以下時
429	自分残FP【30】％以下時
430	味方残LP【15】％以下時
431	PT残LP平均【10】％以下時
432	【25】ターン以降
433	付猛毒
434	月輝
435	増設
436	付麻痺
437	改良
438	貫傷身突刺
439	固有謎物
440	遠傷投射
441	味方残LP【85】％以下時
442	味方状態異常【猛毒】時
443	味方状態異常【麻痺】時
444	PT残LP平均【80】％以下時
445	相手残【0】人以上時
446	自分残LP【0】％以下時
447	相手残【2】人以上時
448	自分残FP【70】％以下時
449	PT残LP平均【90】％以下時
450	PT残FP平均【40】％以下時
451	相手残【4】人以上時
452	【20】ターン以降
453	PT残LP平均【66】％以下時
454	PT残LP平均【35】％以下時
455	【16】ターン以降
456	自分残LP【55】％以下時
457	激火
458	固有固有食物
459	連傷殴打
460	屋敷
461	投射武器
462	無垢
463	再会
464	味方状態異常【魅了】時
465	味方残FP【55】％以下時
466	【999】ターン以降
467	味方状態異常【封殺】時
468	PT残FP平均【80】％以下時
469	PT残FP平均【65】％以下時
470	味方残LP【65】％以下時
471	【0】ターン以降
472	PT残FP平均【50】％以下時
473	味方残【3】人以下時
474	味方残【4】人以下時
475	PT残FP平均【30】％以下時
476	LP回復
477	FP回復
478	ダメージ
479	FPダメージ
480	流水
481	惨傷殴打
482	相手残【4】人以下時
483	自分残FP【25】％以下時
484	味方状態異常【猛毒封殺麻痺】時
485	自分残FP【10】％以下時
486	自分残FP【11】％以下時
487	味方残【50】人以下時
488	味方残【10】人以上時
489	自分残LP【65】％以下時
490	深傷身突刺
491	散付封殺
492	深傷斬払
493	貫傷突刺
494	列付麻痺
495	時空
496	散傷身天光
497	味方残FP【33】％以下時
498	自分残FP【40】％以下時
499	PT残FP平均【60】％以下時
500	PT残LP平均【45】％以下時
501	自分残FP【15】％以下時
502	自分残FP【35】％以下時
503	自分残FP【18】％以下時
504	虚無吸魔
505	援助
506	冥闇吸命
507	氷水吸魔
508	殴打吸命
509	投射吸魔
510	突刺吸命
511	虚無吸命
512	自分残LP【10】％以下時
513	味方残FP【10】％以下時
514	味方残LP【62】％以下時
515	PT残LP平均【95】％以下時
516	PT残FP平均【90】％以下時
517	味方残FP【12】％以下時
518	PT残LP平均【65】％以下時
519	味方残LP【32】％以下時
520	【13】ターン以降
521	NOT GOOD
522	殴打吸魔
523	列付着補佐
524	疾風吸魔
525	列物防補佐
526	斬払吸命
527	冥闇吸魔
528	全付着補佐
529	全回避補佐
530	必殺補佐
531	列物攻補佐
532	列事象補佐
533	毒
534	麻
535	封
536	乱
537	魅
538	WeakPoint
539	Critical
540	Clean Hit
541	Vanish
542	Absorb
543	物防強
544	抵抗強
545	回避強
546	理力強
547	付着弱
548	物攻強
549	復帰強
550	物防弱
551	命中弱
552	命中強
553	必殺強
554	回避弱
555	物攻弱
556	抵抗弱
557	復帰弱
558	付着強
559	制御弱
560	理力弱
561	制御強
562	必殺弱
563	Counter
564	Revenge
565	 火炎強化フィールド
566	 斬払強化フィールド
567	 投射強化フィールド
568	 猛毒強化フィールド
569	 混乱強化フィールド
570	 天光強化フィールド
571	 冥闇強化フィールド
572	 殴打強化フィールド
573	 麻痺強化フィールド
574	 魅了強化フィールド
575	斬払変換フィールド
576	突刺変換フィールド
577	投射変換フィールド
578	疾風変換フィールド
579	氷水変換フィールド
580	天光変換フィールド
581	殴打変換フィールド
582	冥闇変換フィールド
583	火炎変換フィールド
584	虚無
585	生彩
586	散付麻痺
587	付封殺
588	記録
589	氷水吸命
590	 治癒強化フィールド
591	レイア「力よ高まれ――出番だよ！”Verstärkung･Faust”！！」レイア「殴打強化フィールド
592	 封殺強化フィールド
593	【X】ターン以降
594	相手残【X】人以下時
595	味方残LP【95】％以下時
596	味方残LP【90】％以下時
597	味方状態異常【猛毒封殺麻痺混乱】時
598	味方残FP【90】％以下時
599	自分残FP【8】％以下時
600	自分残FP【16】％以下時
601	 斬術強化フィールド
602	連付混乱
603	鎖力
604	混合LPFP
605	完全FP
606	完全LP
607	貫付麻痺
608	全加速
609	訓練所
610	耐突刺
611	斬払吸魔
612	散付魅了
613	傷殴打氷水
614	天光吸命
615	相手残【X】人以上時
616	味方状態異常【猛毒麻痺】時
617	自分残FP【90】％以下時
618	味方状態異常【封殺混乱魅了】時
619	味方状態異常【X】時
620	【99】ターン以降
621	自分残FP【14】％以下時
622	自分残FP【12】％以下時
623	強精神
624	固有獲得
625	錬金
626	惨付封殺
627	強生命
628	惨付魅了
629	【14】ターン以降
630	自分残FP【6】％以下時
631	自分残FP【4】％以下時
632	PT残LP平均【20】％以下時
633	自分残FP【13】％以下時
634	To the Fallen
635	Time Penalty
636	全付混乱
637	深付混乱
638	復活
639	 突刺強化フィールド
640	自分残FP【5】％以下時
641	味方残FP【70】％以下時
642	PT残FP平均【85】％以下時
643	自分残LP【X】％以下時
644	味方状態異常【魅了封殺混乱】時
645	自分残FP【33】％以下時
646	味方残LP【10】％以下時
647	自分残FP【28】％以下時
648	全傷冥闇
649	全上昇
650	耐火炎
651	惨傷斬払
652	味方残LP【39】％以下時
653	PT残LP平均【55】％以下時
654	自分残LP【18】％以下時
655	進路
