result_no	generate_no	e_no	name	card_id	get_type	
14	0	1	道は未だ見えず	4346	1
14	0	1	無名のカード	4347	2
14	0	1	無名のカード	4348	2
14	0	1	無名のカード	4349	2
14	0	1	無名のカード	4350	2
14	0	1	無名のカード	1693	2
14	0	1	無名のカード	3310	2
14	0	1	無名のカード	2015	2
14	0	1	無名のカード	3327	2
14	0	1	無名のカード	4113	2
14	0	1	無名のカード	1551	2
14	0	1	無名のカード	4351	2
14	0	1	無名のカード	4352	2
14	0	1	無名のカード	4353	2
14	0	1	無名のカード	4354	2
14	0	1	無名のカード	4355	2
14	0	2	無名のカード	2354	2
14	0	2	無名のカード	2346	2
14	0	2	無名のカード	2525	2
14	0	2	無名のカード	2574	2
14	0	2	無名のカード	1334	2
14	0	2	無名のカード	1701	2
14	0	2	無名のカード	2509	2
14	0	2	無名のカード	2276	2
14	0	2	無名のカード	2805	2
14	0	2	無名のカード	4356	2
14	0	2	無名のカード	2357	2
14	0	2	無名のカード	2870	2
14	0	2	無名のカード	3708	2
14	0	2	無名のカード	2026	2
14	0	2	無名のカード	2027	2
14	0	2	無名のカード	4261	2
14	0	2	無名のカード	943	2
14	0	2	無名のカード	1164	2
14	0	2	無名のカード	1702	2
14	0	2	無名のカード	4354	2
14	0	3	潜在具現化鑑識	2860	1
14	0	3	無名のカード	2775	2
14	0	3	無名のカード	4324	2
14	0	4	潜在具現化鑑識	2701	1
14	0	4	無名のカード	2	2
14	0	4	無名のカード	331	2
14	0	4	無名のカード	412	2
14	0	4	無名のカード	2179	2
14	0	4	無名のカード	1314	2
14	0	4	無名のカード	795	2
14	0	4	無名のカード	954	2
14	0	4	無名のカード	1552	2
14	0	4	無名のカード	887	2
14	0	4	無名のカード	1553	2
14	0	4	無名のカード	161	2
14	0	4	無名のカード	207	2
14	0	4	無名のカード	2288	2
14	0	4	無名のカード	1315	2
14	0	4	無名のカード	1316	2
14	0	4	無名のカード	611	2
14	0	4	無名のカード	4342	2
14	0	4	無名のカード	361	2
14	0	4	無名のカード	165	2
14	0	4	無名のカード	194	2
14	0	4	無名のカード	792	2
14	0	4	無名のカード	793	2
14	0	4	無名のカード	884	2
14	0	4	無名のカード	4283	2
14	0	4	無名のカード	2402	2
14	0	4	無名のカード	264	2
14	0	4	無名のカード	1298	2
14	0	4	無名のカード	826	2
14	0	4	無名のカード	1494	2
14	0	4	無名のカード	827	2
14	0	4	無名のカード	4284	2
14	0	4	無名のカード	2848	2
14	0	4	無名のカード	909	2
14	0	4	無名のカード	2135	2
14	0	4	無名のカード	1265	2
14	0	4	無名のカード	2844	2
14	0	4	無名のカード	82	2
14	0	4	無名のカード	2845	2
14	0	4	無名のカード	70	2
14	0	4	無名のカード	3705	2
14	0	4	無名のカード	449	2
14	0	4	無名のカード	4222	2
14	0	4	無名のカード	193	2
14	0	4	無名のカード	2846	2
14	0	4	無名のカード	455	2
14	0	4	無名のカード	267	2
14	0	4	無名のカード	3684	2
14	0	4	無名のカード	947	2
14	0	4	無名のカード	3569	2
14	0	4	無名のカード	740	2
14	0	4	無名のカード	4357	2
14	0	4	無名のカード	716	2
14	0	4	無名のカード	4013	2
14	0	4	無名のカード	496	2
14	0	4	無名のカード	4014	2
14	0	4	無名のカード	2583	2
14	0	4	無名のカード	2699	2
14	0	4	無名のカード	2584	2
14	0	4	無名のカード	4017	2
14	0	4	無名のカード	599	2
14	0	4	無名のカード	2071	2
14	0	4	無名のカード	2246	2
14	0	4	無名のカード	2628	2
14	0	4	無名のカード	2630	2
14	0	4	無名のカード	3692	2
14	0	4	無名のカード	2419	2
14	0	4	無名のカード	3782	2
14	0	4	無名のカード	3780	2
14	0	4	無名のカード	2867	2
14	0	4	無名のカード	3599	2
14	0	4	無名のカード	2997	2
14	0	4	無名のカード	2696	2
14	0	4	無名のカード	3790	2
14	0	4	無名のカード	4358	2
14	0	4	無名のカード	3375	2
14	0	4	無名のカード	3146	2
14	0	4	無名のカード	4359	2
14	0	4	無名のカード	4288	2
14	0	4	無名のカード	721	2
14	0	4	無名のカード	803	2
14	0	4	無名のカード	3048	2
14	0	4	無名のカード	3049	2
14	0	4	無名のカード	3050	2
14	0	4	無名のカード	3268	2
14	0	4	無名のカード	3051	2
14	0	4	無名のカード	3052	2
14	0	4	無名のカード	3053	2
14	0	4	無名のカード	3054	2
14	0	4	無名のカード	4354	2
14	0	5	潜在具現化鑑識	2487	1
14	0	5	無名のカード	2465	2
14	0	5	無名のカード	2466	2
14	0	5	無名のカード	3381	2
14	0	5	無名のカード	2757	2
14	0	5	無名のカード	2467	2
14	0	5	無名のカード	3087	2
14	0	5	無名のカード	4165	2
14	0	5	無名のカード	1693	2
14	0	5	無名のカード	2113	2
14	0	5	無名のカード	2431	2
14	0	5	無名のカード	3310	2
14	0	5	無名のカード	4351	2
14	0	5	無名のカード	4352	2
14	0	5	無名のカード	4360	2
14	0	5	無名のカード	4353	2
14	0	5	無名のカード	4361	2
14	0	5	無名のカード	4362	2
14	0	5	無名のカード	4363	2
14	0	5	無名のカード	4364	2
14	0	5	無名のカード	4354	2
14	0	6	無名のカード	4365	2
14	0	6	無名のカード	2476	2
14	0	6	無名のカード	2140	2
14	0	6	無名のカード	2337	2
14	0	6	無名のカード	1967	2
14	0	6	無名のカード	4251	2
14	0	6	無名のカード	2889	2
14	0	6	無名のカード	1349	2
14	0	6	無名のカード	1968	2
14	0	6	無名のカード	3613	2
14	0	6	無名のカード	2226	2
14	0	6	無名のカード	4366	2
14	0	6	無名のカード	4367	2
14	0	6	無名のカード	4368	2
14	0	6	無名のカード	4369	2
14	0	6	無名のカード	1130	2
14	0	6	無名のカード	1415	2
14	0	6	無名のカード	2446	2
14	0	6	無名のカード	3039	2
14	0	7	ヤロビザーツィヤ	4370	1
14	0	7	無名のカード	3983	2
14	0	7	無名のカード	4354	2
14	0	8	潜在具現化鑑識	4148	1
14	0	8	無名のカード	3357	2
14	0	8	無名のカード	1908	2
14	0	8	無名のカード	2946	2
14	0	8	無名のカード	3497	2
14	0	8	無名のカード	4371	2
14	0	9	無名のカード	1656	2
14	0	9	無名のカード	1657	2
14	0	9	無名のカード	3221	2
14	0	9	無名のカード	3040	2
14	0	9	無名のカード	3715	2
14	0	9	無名のカード	1981	2
14	0	9	無名のカード	3310	2
14	0	9	無名のカード	4097	2
14	0	9	無名のカード	1982	2
14	0	9	無名のカード	3327	2
14	0	9	無名のカード	1551	2
14	0	9	無名のカード	4362	2
14	0	9	無名のカード	4372	2
14	0	9	無名のカード	4373	2
14	0	9	無名のカード	4374	2
14	0	9	無名のカード	4375	2
14	0	9	無名のカード	4376	2
14	0	9	無名のカード	4354	2
14	0	9	無名のカード	4355	2
14	0	10	カンパニュラ	4377	1
14	0	10	無名のカード	1334	2
14	0	10	無名のカード	1333	2
14	0	10	無名のカード	1701	2
14	0	10	無名のカード	2509	2
14	0	10	無名のカード	2276	2
14	0	10	無名のカード	2526	2
14	0	10	無名のカード	2805	2
14	0	10	無名のカード	4356	2
14	0	10	無名のカード	943	2
14	0	10	無名のカード	1164	2
14	0	10	無名のカード	1702	2
14	0	10	無名のカード	2035	2
14	0	10	無名のカード	2865	2
14	0	10	無名のカード	4138	2
14	0	10	無名のカード	2654	2
14	0	11	潜在具現化鑑識	2224	1
14	0	11	無名のカード	4378	2
14	0	11	無名のカード	4379	2
14	0	11	無名のカード	3171	2
14	0	11	無名のカード	3172	2
14	0	11	無名のカード	2674	2
14	0	12	無名のカード	4354	2
14	0	13	新たなる夜と夢	4380	1
14	0	13	無名のカード	2246	2
14	0	13	無名のカード	2659	2
14	0	13	無名のカード	3424	2
14	0	13	無名のカード	2660	2
14	0	13	無名のカード	1406	2
14	0	13	無名のカード	1407	2
14	0	13	無名のカード	2556	2
14	0	13	無名のカード	2045	2
14	0	13	無名のカード	1913	2
14	0	13	無名のカード	3722	2
14	0	13	無名のカード	2158	2
14	0	13	無名のカード	1981	2
14	0	13	無名のカード	2113	2
14	0	13	無名のカード	2431	2
14	0	13	無名のカード	3489	2
14	0	13	無名のカード	2432	2
14	0	13	無名のカード	1982	2
14	0	13	無名のカード	2433	2
14	0	13	無名のカード	2949	2
14	0	13	無名のカード	2175	2
14	0	13	無名のカード	2679	2
14	0	13	無名のカード	2171	2
14	0	13	無名のカード	1972	2
14	0	13	無名のカード	676	2
14	0	13	無名のカード	1097	2
14	0	13	無名のカード	1376	2
14	0	13	無名のカード	3312	2
14	0	13	無名のカード	1551	2
14	0	13	無名のカード	4354	2
14	0	13	無名のカード	4355	2
14	0	13	無名のカード	4381	2
14	0	13	無名のカード	4382	2
14	0	14	潜在具現化鑑識	3185	1
14	0	14	無名のカード	4383	2
14	0	14	無名のカード	4384	2
14	0	14	無名のカード	4385	2
14	0	16	第11の軍勢	1018	1
14	0	16	無名のカード	2716	2
14	0	16	無名のカード	3060	2
14	0	16	無名のカード	4354	2
14	0	17	ズィガード・スペシャル	4386	1
14	0	17	無名のカード	2896	2
14	0	17	無名のカード	4387	2
14	0	18	ルゥポーパィス	4257	1
14	0	18	無名のカード	4154	2
14	0	20	潜在具現化鑑識	2280	1
14	0	20	無名のカード	3789	2
14	0	20	無名のカード	2512	2
14	0	20	無名のカード	2513	2
14	0	20	無名のカード	2914	2
14	0	20	無名のカード	450	2
14	0	20	無名のカード	1401	2
14	0	20	無名のカード	2410	2
14	0	20	無名のカード	378	2
14	0	20	無名のカード	1676	2
14	0	20	無名のカード	379	2
14	0	20	無名のカード	1677	2
14	0	20	無名のカード	451	2
14	0	20	無名のカード	2514	2
14	0	20	無名のカード	845	2
14	0	20	無名のカード	1454	2
14	0	20	無名のカード	2877	2
14	0	20	無名のカード	1776	2
14	0	20	無名のカード	3698	2
14	0	20	無名のカード	1624	2
14	0	20	無名のカード	3699	2
14	0	20	無名のカード	1377	2
14	0	20	無名のカード	3303	2
14	0	20	無名のカード	967	2
14	0	20	無名のカード	2420	2
14	0	20	無名のカード	663	2
14	0	20	無名のカード	1588	2
14	0	20	無名のカード	1014	2
14	0	20	無名のカード	3	2
14	0	20	無名のカード	235	2
14	0	20	無名のカード	768	2
14	0	20	無名のカード	928	2
14	0	20	無名のカード	1302	2
14	0	20	無名のカード	1589	2
14	0	20	無名のカード	1590	2
14	0	20	無名のカード	441	2
14	0	20	無名のカード	1207	2
14	0	20	無名のカード	850	2
14	0	20	無名のカード	838	2
14	0	20	無名のカード	1280	2
14	0	20	無名のカード	2807	2
14	0	20	無名のカード	749	2
14	0	20	無名のカード	1892	2
14	0	20	無名のカード	4388	2
14	0	20	無名のカード	4389	2
14	0	20	無名のカード	4390	2
14	0	20	無名のカード	4391	2
14	0	20	無名のカード	4354	2
14	0	20	無名のカード	4381	2
14	0	21	無名のカード	121	2
14	0	21	無名のカード	122	2
14	0	21	無名のカード	123	2
14	0	21	無名のカード	124	2
14	0	21	無名のカード	125	2
14	0	21	無名のカード	126	2
14	0	21	無名のカード	127	2
14	0	21	無名のカード	128	2
14	0	21	無名のカード	129	2
14	0	21	無名のカード	4392	2
14	0	21	無名のカード	3960	2
14	0	21	無名のカード	2035	2
14	0	21	無名のカード	2052	2
14	0	21	無名のカード	340	2
14	0	21	無名のカード	642	2
14	0	21	無名のカード	1836	2
14	0	21	無名のカード	749	2
14	0	21	無名のカード	1892	2
14	0	22	無名のカード	4393	2
14	0	23	無名のカード	4394	1
14	0	23	無名のカード	1	2
14	0	23	無名のカード	137	2
14	0	23	無名のカード	201	2
14	0	23	無名のカード	3918	2
14	0	23	無名のカード	4395	2
14	0	23	無名のカード	4217	2
14	0	23	無名のカード	4396	2
14	0	23	無名のカード	385	2
14	0	23	無名のカード	386	2
14	0	23	無名のカード	387	2
14	0	23	無名のカード	1511	2
14	0	23	無名のカード	2915	2
14	0	23	無名のカード	1739	2
14	0	23	無名のカード	2916	2
14	0	23	無名のカード	822	2
14	0	23	無名のカード	3411	2
14	0	23	無名のカード	623	2
14	0	23	無名のカード	3412	2
14	0	23	無名のカード	3827	2
14	0	23	無名のカード	4061	2
14	0	23	無名のカード	4218	2
14	0	23	無名のカード	4062	2
14	0	23	無名のカード	4219	2
14	0	23	無名のカード	3855	2
14	0	23	無名のカード	4362	2
14	0	23	無名のカード	4372	2
14	0	23	無名のカード	4363	2
14	0	24	シニフィエ	4397	1
14	0	24	無名のカード	2921	2
14	0	24	無名のカード	3922	2
14	0	24	無名のカード	4398	2
14	0	24	無名のカード	1885	2
14	0	24	無名のカード	4399	2
14	0	24	無名のカード	3093	2
14	0	24	無名のカード	3246	2
14	0	24	無名のカード	3250	2
14	0	24	無名のカード	4354	2
14	0	24	無名のカード	4381	2
14	0	25	月影	2084	1
14	0	25	無名のカード	542	2
14	0	25	無名のカード	706	2
14	0	25	無名のカード	180	2
14	0	25	無名のカード	2087	2
14	0	25	無名のカード	253	2
14	0	25	無名のカード	3310	2
14	0	25	無名のカード	996	2
14	0	25	無名のカード	699	2
14	0	25	無名のカード	173	2
14	0	25	無名のカード	321	2
14	0	25	無名のカード	638	2
14	0	25	無名のカード	543	2
14	0	25	無名のカード	649	2
14	0	25	無名のカード	1228	2
14	0	25	無名のカード	2026	2
14	0	25	無名のカード	530	2
14	0	25	無名のカード	1229	2
14	0	25	無名のカード	1608	2
14	0	25	無名のカード	1521	2
14	0	25	無名のカード	559	2
14	0	25	無名のカード	2027	2
14	0	25	無名のカード	895	2
14	0	25	無名のカード	1763	2
14	0	25	無名のカード	4261	2
14	0	25	無名のカード	1198	2
14	0	25	無名のカード	2148	2
14	0	25	無名のカード	1185	2
14	0	25	無名のカード	324	2
14	0	25	無名のカード	753	2
14	0	25	無名のカード	2595	2
14	0	25	無名のカード	4312	2
14	0	25	無名のカード	4354	2
14	0	26	無名のカード	1593	2
14	0	26	無名のカード	1594	2
14	0	26	無名のカード	2509	2
14	0	26	無名のカード	2188	2
14	0	26	無名のカード	4356	2
14	0	26	無名のカード	1180	2
14	0	26	無名のカード	2035	2
14	0	26	無名のカード	4324	2
14	0	26	無名のカード	4388	2
14	0	26	無名のカード	4389	2
14	0	26	無名のカード	4390	2
14	0	26	無名のカード	4391	2
14	0	26	無名のカード	4374	2
14	0	26	無名のカード	4375	2
14	0	26	無名のカード	4376	2
14	0	26	無名のカード	4400	2
14	0	27	無名のカード	932	2
14	0	27	無名のカード	3062	2
14	0	27	無名のカード	432	2
14	0	27	無名のカード	1604	2
14	0	27	無名のカード	585	2
14	0	27	無名のカード	1280	2
14	0	27	無名のカード	2807	2
14	0	30	無名のカード	2896	2
14	0	30	無名のカード	3864	2
14	0	30	無名のカード	3866	2
14	0	30	無名のカード	1602	2
14	0	30	無名のカード	2304	2
14	0	30	無名のカード	4401	2
14	0	31	無名のカード	4402	2
14	0	31	無名のカード	1334	2
14	0	31	無名のカード	1333	2
14	0	31	無名のカード	2881	2
14	0	31	無名のカード	2772	2
14	0	31	無名のカード	2357	2
14	0	31	無名のカード	2594	2
14	0	31	無名のカード	4403	2
14	0	31	無名のカード	3526	2
14	0	31	無名のカード	1164	2
14	0	32	白兎の銀鉤	1819	1
14	0	32	無名のカード	2653	2
14	0	32	無名のカード	3787	2
14	0	34	潜在具現化鑑識	601	1
14	0	34	無名のカード	8	2
14	0	34	無名のカード	560	2
14	0	34	無名のカード	677	2
14	0	34	無名のカード	607	2
14	0	34	無名のカード	220	2
14	0	34	無名のカード	715	2
14	0	34	無名のカード	274	2
14	0	34	無名のカード	302	2
14	0	34	無名のカード	950	2
14	0	34	無名のカード	303	2
14	0	34	無名のカード	1269	2
14	0	34	無名のカード	227	2
14	0	34	無名のカード	1544	2
14	0	34	無名のカード	498	2
14	0	34	無名のカード	729	2
14	0	34	無名のカード	730	2
14	0	34	無名のカード	1133	2
14	0	34	無名のカード	1135	2
14	0	34	無名のカード	327	2
14	0	34	無名のカード	731	2
14	0	34	無名のカード	1970	2
14	0	34	無名のカード	816	2
14	0	34	無名のカード	1800	2
14	0	34	無名のカード	860	2
14	0	34	無名のカード	159	2
14	0	34	無名のカード	556	2
14	0	34	無名のカード	466	2
14	0	34	無名のカード	807	2
14	0	34	無名のカード	1390	2
14	0	34	無名のカード	2946	2
14	0	34	無名のカード	68	2
14	0	34	無名のカード	3497	2
14	0	34	無名のカード	2785	2
14	0	34	無名のカード	557	2
14	0	34	無名のカード	808	2
14	0	34	無名のカード	467	2
14	0	34	無名のカード	350	2
14	0	34	無名のカード	558	2
14	0	34	無名のカード	292	2
14	0	34	無名のカード	468	2
14	0	34	無名のカード	351	2
14	0	34	無名のカード	2278	2
14	0	34	無名のカード	2647	2
14	0	34	無名のカード	211	2
14	0	34	無名のカード	352	2
14	0	34	無名のカード	368	2
14	0	34	無名のカード	1172	2
14	0	34	無名のカード	2265	2
14	0	34	無名のカード	1240	2
14	0	34	無名のカード	719	2
14	0	34	無名のカード	720	2
14	0	34	無名のカード	3084	2
14	0	34	無名のカード	3085	2
14	0	34	無名のカード	3354	2
14	0	35	ストライド	3433	1
14	0	35	無名のカード	2827	2
14	0	36	–美味–　はくさい	2847	1
14	0	36	無名のカード	2441	2
14	0	36	無名のカード	2201	2
14	0	36	無名のカード	2268	2
14	0	36	無名のカード	2446	2
14	0	36	無名のカード	59	2
14	0	36	無名のカード	2035	2
14	0	36	無名のカード	497	2
14	0	36	無名のカード	2052	2
14	0	36	無名のカード	911	2
14	0	36	無名のカード	2053	2
14	0	36	無名のカード	460	2
14	0	36	無名のカード	2775	2
14	0	36	無名のカード	1477	2
14	0	36	無名のカード	2776	2
14	0	36	無名のカード	952	2
14	0	36	無名のカード	3165	2
14	0	36	無名のカード	1185	2
14	0	36	無名のカード	2013	2
14	0	36	無名のカード	2447	2
14	0	36	無名のカード	4404	2
14	0	36	無名のカード	4405	2
14	0	36	無名のカード	4406	2
14	0	36	無名のカード	4407	2
14	0	36	無名のカード	4408	2
14	0	36	無名のカード	4409	2
14	0	36	無名のカード	4410	2
14	0	36	無名のカード	4411	2
14	0	36	無名のカード	4362	2
14	0	36	無名のカード	4412	2
14	0	36	無名のカード	4372	2
14	0	36	無名のカード	4373	2
14	0	36	無名のカード	4413	2
14	0	36	無名のカード	4364	2
14	0	36	無名のカード	4414	2
14	0	36	無名のカード	4354	2
14	0	37	潜在具現化鑑識	4415	1
14	0	37	無名のカード	544	2
14	0	37	無名のカード	686	2
14	0	37	無名のカード	2163	2
14	0	37	無名のカード	687	2
14	0	37	無名のカード	2164	2
14	0	37	無名のカード	581	2
14	0	37	無名のカード	410	2
14	0	37	無名のカード	1701	2
14	0	37	無名のカード	1527	2
14	0	37	無名のカード	2387	2
14	0	37	無名のカード	1528	2
14	0	37	無名のカード	2388	2
14	0	37	無名のカード	666	2
14	0	37	無名のカード	1915	2
14	0	37	無名のカード	2870	2
14	0	37	無名のカード	806	2
14	0	37	無名のカード	337	2
14	0	37	無名のカード	1524	2
14	0	37	無名のカード	1734	2
14	0	37	無名のカード	1706	2
14	0	37	無名のカード	1735	2
14	0	37	無名のカード	2801	2
14	0	37	無名のカード	1736	2
14	0	37	無名のカード	2802	2
14	0	37	無名のカード	1588	2
14	0	37	無名のカード	1014	2
14	0	37	無名のカード	2524	2
14	0	37	無名のカード	768	2
14	0	37	無名のカード	2441	2
14	0	37	無名のカード	336	2
14	0	37	無名のカード	708	2
14	0	37	無名のカード	703	2
14	0	37	無名のカード	848	2
14	0	37	無名のカード	174	2
14	0	37	無名のカード	709	2
14	0	37	無名のカード	1093	2
14	0	37	無名のカード	1131	2
14	0	37	無名のカード	1590	2
14	0	37	無名のカード	1461	2
14	0	37	無名のカード	1534	2
14	0	37	無名のカード	2565	2
14	0	37	無名のカード	910	2
14	0	37	無名のカード	1798	2
14	0	37	無名のカード	15	2
14	0	37	無名のカード	1702	2
14	0	37	無名のカード	223	2
14	0	37	無名のカード	1799	2
14	0	37	無名のカード	59	2
14	0	37	無名のカード	497	2
14	0	37	無名のカード	911	2
14	0	37	無名のカード	2001	2
14	0	37	無名のカード	763	2
14	0	37	無名のカード	4322	2
14	0	37	無名のカード	4323	2
14	0	37	無名のカード	4313	2
14	0	37	無名のカード	4314	2
14	0	38	なんかのかーど？	2272	1
14	0	38	無名のカード	3723	2
14	0	38	無名のカード	2087	2
14	0	38	無名のカード	3310	2
14	0	38	無名のカード	1870	2
14	0	38	無名のカード	2267	2
14	0	38	無名のカード	2268	2
14	0	38	無名のカード	2664	2
14	0	38	無名のカード	1185	2
14	0	38	無名のカード	4354	2
14	0	39	Y15サーチャー	3005	1
14	0	39	無名のカード	10	2
14	0	39	無名のカード	573	2
14	0	39	無名のカード	285	2
14	0	39	無名のカード	789	2
14	0	39	無名のカード	249	2
14	0	39	無名のカード	1667	2
14	0	39	無名のカード	152	2
14	0	39	無名のカード	18	2
14	0	39	無名のカード	1573	2
14	0	39	無名のカード	1574	2
14	0	39	無名のカード	1575	2
14	0	39	無名のカード	626	2
14	0	39	無名のカード	419	2
14	0	39	無名のカード	242	2
14	0	39	無名のカード	72	2
14	0	39	無名のカード	217	2
14	0	39	無名のカード	65	2
14	0	39	無名のカード	224	2
14	0	39	無名のカード	616	2
14	0	39	無名のカード	320	2
14	0	39	無名のカード	1699	2
14	0	39	無名のカード	1497	2
14	0	39	無名のカード	1505	2
14	0	39	無名のカード	2136	2
14	0	39	無名のカード	1501	2
14	0	39	無名のカード	439	2
14	0	39	無名のカード	409	2
14	0	39	無名のカード	1275	2
14	0	39	無名のカード	732	2
14	0	39	無名のカード	2905	2
14	0	39	無名のカード	403	2
14	0	39	無名のカード	656	2
14	0	39	無名のカード	610	2
14	0	39	無名のカード	2563	2
14	0	39	無名のカード	4416	2
14	0	39	無名のカード	1321	2
14	0	39	無名のカード	1322	2
14	0	39	無名のカード	572	2
14	0	39	無名のカード	847	2
14	0	39	無名のカード	1675	2
14	0	39	無名のカード	14	2
14	0	39	無名のカード	429	2
14	0	39	無名のカード	459	2
14	0	39	無名のカード	4417	2
14	0	39	無名のカード	2798	2
14	0	39	無名のカード	2799	2
14	0	39	無名のカード	4418	2
14	0	39	無名のカード	1579	2
14	0	39	無名のカード	3951	2
14	0	39	無名のカード	2800	2
14	0	39	無名のカード	507	2
14	0	39	無名のカード	2703	2
14	0	39	無名のカード	3099	2
14	0	39	無名のカード	3100	2
14	0	39	無名のカード	3224	2
14	0	39	無名のカード	3278	2
14	0	39	無名のカード	3101	2
14	0	39	無名のカード	3104	2
14	0	40	無名のカード	2994	2
14	0	40	無名のカード	4388	2
14	0	40	無名のカード	4389	2
14	0	40	無名のカード	4390	2
14	0	41	無名のカード	2484	2
14	0	42	潜在具現化鑑識	3373	1
14	0	43	無名のカード	508	2
14	0	43	無名のカード	2431	2
14	0	43	無名のカード	1211	2
14	0	43	無名のカード	1538	2
14	0	43	無名のカード	1277	2
14	0	43	無名のカード	1822	2
14	0	43	無名のカード	1212	2
14	0	43	無名のカード	533	2
14	0	43	無名のカード	1171	2
14	0	43	無名のカード	1659	2
14	0	43	無名のカード	1249	2
14	0	43	無名のカード	910	2
14	0	43	無名のカード	690	2
14	0	43	無名のカード	2446	2
14	0	43	無名のカード	19	2
14	0	43	無名のカード	20	2
14	0	43	無名のカード	659	2
14	0	43	無名のカード	223	2
14	0	43	無名のカード	1799	2
14	0	43	無名のカード	59	2
14	0	43	無名のカード	497	2
14	0	43	無名のカード	911	2
14	0	43	無名のカード	1185	2
14	0	43	無名のカード	2013	2
14	0	43	無名のカード	691	2
14	0	43	無名のカード	830	2
14	0	43	無名のカード	3047	2
14	0	43	無名のカード	4354	2
14	0	43	無名のカード	4355	2
14	0	43	無名のカード	4381	2
14	0	43	無名のカード	4382	2
14	0	44	blank	1117	1
14	0	44	無名のカード	96	2
14	0	44	無名のカード	97	2
14	0	44	無名のカード	533	2
14	0	44	無名のカード	2119	2
14	0	44	無名のカード	2120	2
14	0	44	無名のカード	495	2
14	0	44	無名のカード	684	2
14	0	44	無名のカード	19	2
14	0	44	無名のカード	676	2
14	0	44	無名のカード	20	2
14	0	45	腰頭突きインフィニティ	2847	1
14	0	45	無名のカード	2500	2
14	0	45	無名のカード	3450	2
14	0	45	無名のカード	4351	2
14	0	45	無名のカード	4353	2
14	0	45	無名のカード	4354	2
14	0	45	無名のカード	4381	2
14	0	46	潜在具現化鑑識	3638	1
14	0	46	無名のカード	1842	2
14	0	46	無名のカード	1782	2
14	0	46	無名のカード	3083	2
14	0	46	無名のカード	1796	2
14	0	46	無名のカード	676	2
14	0	46	無名のカード	1097	2
14	0	46	無名のカード	1376	2
14	0	46	無名のカード	1503	2
14	0	46	無名のカード	1799	2
14	0	46	無名のカード	4362	2
14	0	46	無名のカード	4372	2
14	0	46	無名のカード	4373	2
14	0	46	無名のカード	4364	2
14	0	47	貫くヤドリギ	757	1
14	0	47	無名のカード	1350	2
14	0	47	無名のカード	2154	2
14	0	47	無名のカード	2530	2
14	0	47	無名のカード	2155	2
14	0	47	無名のカード	2769	2
14	0	47	無名のカード	2156	2
14	0	47	無名のカード	2531	2
14	0	47	無名のカード	2934	2
14	0	47	無名のカード	2935	2
14	0	47	無名のカード	3502	2
14	0	47	無名のカード	4227	2
14	0	47	無名のカード	4215	2
14	0	47	無名のカード	4235	2
14	0	48	金属のかけら	4419	1
14	0	48	無名のカード	175	2
14	0	48	無名のカード	2014	2
14	0	48	無名のカード	577	2
14	0	48	無名のカード	2844	2
14	0	48	無名のカード	629	2
14	0	48	無名のカード	279	2
14	0	48	無名のカード	219	2
14	0	48	無名のカード	1876	2
14	0	48	無名のカード	1403	2
14	0	48	無名のカード	4222	2
14	0	48	無名のカード	46	2
14	0	48	無名のカード	2965	2
14	0	48	無名のカード	578	2
14	0	48	無名のカード	2846	2
14	0	48	無名のカード	57	2
14	0	48	無名のカード	4420	2
14	0	48	無名のカード	39	2
14	0	48	無名のカード	4013	2
14	0	48	無名のカード	1408	2
14	0	48	無名のカード	671	2
14	0	48	無名のカード	1971	2
14	0	48	無名のカード	3965	2
14	0	48	無名のカード	1124	2
14	0	48	無名のカード	2699	2
14	0	48	無名のカード	3168	2
14	0	48	無名のカード	736	2
14	0	48	無名のカード	159	2
14	0	48	無名のカード	196	2
14	0	48	無名のカード	1392	2
14	0	48	無名のカード	2809	2
14	0	48	無名のカード	1442	2
14	0	48	無名のカード	3657	2
14	0	48	無名のカード	2785	2
14	0	48	無名のカード	3843	2
14	0	48	無名のカード	1443	2
14	0	48	無名のカード	3802	2
14	0	48	無名のカード	1444	2
14	0	48	無名のカード	259	2
14	0	48	無名のカード	116	2
14	0	48	無名のカード	508	2
14	0	48	無名のカード	389	2
14	0	48	無名のカード	453	2
14	0	48	無名のカード	1211	2
14	0	48	無名のカード	150	2
14	0	48	無名のカード	270	2
14	0	48	無名のカード	1212	2
14	0	48	無名のカード	533	2
14	0	48	無名のカード	1751	2
14	0	48	無名のカード	2265	2
14	0	48	無名のカード	1696	2
14	0	48	無名のカード	19	2
14	0	48	無名のカード	20	2
14	0	48	無名のカード	721	2
14	0	48	無名のカード	803	2
14	0	48	無名のカード	324	2
14	0	48	無名のカード	4354	2
14	0	49	無臭のオブラート	2636	1
14	0	49	無名のカード	2500	2
14	0	50	奇襲	2919	1
14	0	50	無名のカード	1340	2
14	0	50	無名のカード	1344	2
14	0	50	無名のカード	4421	2
14	0	50	無名のカード	4032	2
14	0	50	無名のカード	4422	2
14	0	50	無名のカード	4423	2
14	0	50	無名のカード	4424	2
14	0	50	無名のカード	1764	2
14	0	50	無名のカード	1875	2
14	0	50	無名のカード	2893	2
14	0	50	無名のカード	2396	2
14	0	50	無名のカード	2637	2
14	0	50	無名のカード	2638	2
14	0	50	無名のカード	4425	2
14	0	50	無名のカード	4027	2
14	0	50	無名のカード	4426	2
14	0	50	無名のカード	4427	2
14	0	50	無名のカード	3637	2
14	0	50	無名のカード	4354	2
14	0	50	無名のカード	4355	2
14	0	51	無名のカード	2258	2
14	0	52	信仰心	4428	1
14	0	52	無名のカード	2923	2
14	0	53	妾のカードだ！！	4429	1
14	0	53	無名のカード	2515	2
14	0	53	無名のカード	1130	2
14	0	53	無名のカード	1415	2
14	0	55	潜在具現化鑑識	2275	1
14	0	55	無名のカード	2346	2
14	0	55	無名のカード	2519	2
14	0	55	無名のカード	2574	2
14	0	55	無名のカード	3565	2
14	0	55	無名のカード	1593	2
14	0	55	無名のカード	3548	2
14	0	55	無名のカード	1349	2
14	0	55	無名のカード	1582	2
14	0	55	無名のカード	2199	2
14	0	55	無名のカード	1594	2
14	0	55	無名のカード	2226	2
14	0	55	無名のカード	2227	2
14	0	55	無名のカード	2485	2
14	0	55	無名のカード	2188	2
14	0	55	無名のカード	1604	2
14	0	56	フィルバートスペシャル	2466	1
14	0	57	無名のカード	4430	2
14	0	58	a*gria	4431	1
14	0	58	無名のカード	2500	2
14	0	60	無名のカード	1834	2
14	0	61	潜在具現化鑑識	2576	1
14	0	61	無名のカード	2431	2
14	0	61	無名のカード	3310	2
14	0	61	無名のカード	1334	2
14	0	61	無名のカード	1333	2
14	0	61	無名のカード	2357	2
14	0	61	無名のカード	2594	2
14	0	61	無名のカード	1990	2
14	0	61	無名のカード	1991	2
14	0	61	無名のカード	2026	2
14	0	61	無名のカード	1608	2
14	0	61	無名のカード	1164	2
14	0	61	無名のカード	3312	2
14	0	61	無名のカード	2510	2
14	0	61	無名のカード	4362	2
14	0	61	無名のカード	4372	2
14	0	61	無名のカード	4373	2
14	0	61	無名のカード	4354	2
14	0	62	すいか大爆発	1258	1
14	0	62	無名のカード	1335	2
14	0	62	無名のカード	1724	2
14	0	62	無名のカード	1617	2
14	0	62	無名のカード	419	2
14	0	62	無名のカード	2167	2
14	0	62	無名のカード	242	2
14	0	62	無名のカード	2442	2
14	0	62	無名のカード	65	2
14	0	62	無名のカード	2443	2
14	0	62	無名のカード	403	2
14	0	62	無名のカード	1446	2
14	0	62	無名のカード	133	2
14	0	62	無名のカード	416	2
14	0	62	無名のカード	572	2
14	0	62	無名のカード	417	2
14	0	62	無名のカード	418	2
14	0	62	無名のカード	14	2
14	0	63	星詠	4233	1
14	0	63	無名のカード	4432	2
14	0	64	トリック	1727	1
14	0	64	無名のカード	2525	2
14	0	64	無名のカード	2574	2
14	0	64	無名のカード	1604	2
14	0	64	無名のカード	1808	2
14	0	64	無名のカード	3575	2
14	0	64	無名のカード	4354	2
14	0	65	Betulla	4433	1
14	0	65	無名のカード	4434	2
14	0	65	無名のカード	4435	2
14	0	65	無名のカード	1884	2
14	0	65	無名のカード	1909	2
14	0	65	無名のカード	4354	2
14	0	65	無名のカード	4355	2
14	0	65	無名のカード	4436	2
14	0	66	無名のカード	4437	2
14	0	66	無名のカード	4438	2
14	0	66	無名のカード	4439	2
14	0	66	無名のカード	4440	2
14	0	66	無名のカード	2307	2
14	0	66	無名のカード	2545	2
14	0	67	茨の城	257	1
14	0	67	無名のカード	3611	2
14	0	67	無名のカード	4354	2
14	0	68	掌破	1603	1
14	0	68	無名のカード	2502	2
14	0	68	無名のカード	2503	2
14	0	68	無名のカード	4441	2
14	0	68	無名のカード	4442	2
14	0	71	せろ・そろう	2931	1
14	0	71	無名のカード	1378	2
14	0	71	無名のカード	1379	2
14	0	71	無名のカード	1380	2
14	0	71	無名のカード	1381	2
14	0	71	無名のカード	2163	2
14	0	71	無名のカード	2164	2
14	0	71	無名のカード	1990	2
14	0	71	無名のカード	1991	2
14	0	71	無名のカード	1992	2
14	0	71	無名のカード	1993	2
14	0	71	無名のカード	2347	2
14	0	71	無名のカード	2348	2
14	0	71	無名のカード	3967	2
14	0	71	無名のカード	1551	2
14	0	71	無名のカード	4354	2
14	0	71	無名のカード	4355	2
14	0	72	無名のカード	1900	2
14	0	72	無名のカード	3322	2
14	0	72	無名のカード	1602	2
14	0	72	無名のカード	3536	2
14	0	73	三日月廻りの星	1530	1
14	0	73	無名のカード	6	2
14	0	73	無名のカード	1556	2
14	0	73	無名のカード	184	2
14	0	73	無名のカード	411	2
14	0	73	無名のカード	346	2
14	0	73	無名のカード	670	2
14	0	78	順風キラメキテンペスト	2696	1
14	0	78	無名のカード	2454	2
14	0	78	無名のカード	4443	2
14	0	78	無名のカード	4444	2
14	0	78	無名のカード	3721	2
14	0	80	潜在具現化鑑識	3885	1
14	0	80	無名のカード	1340	2
14	0	80	無名のカード	4445	2
14	0	80	無名のカード	2125	2
14	0	80	無名のカード	4446	2
14	0	80	無名のカード	2856	2
14	0	80	無名のカード	4447	2
14	0	80	無名のカード	2676	2
14	0	80	無名のカード	2796	2
14	0	80	無名のカード	2839	2
14	0	80	無名のカード	2990	2
14	0	80	無名のカード	3985	2
14	0	80	無名のカード	4150	2
14	0	80	無名のカード	4448	2
14	0	80	無名のカード	4449	2
14	0	80	無名のカード	2695	2
14	0	80	無名のカード	2619	2
14	0	80	無名のカード	3418	2
14	0	80	無名のカード	3220	2
14	0	80	無名のカード	4450	2
14	0	80	無名のカード	3661	2
14	0	80	無名のカード	1604	2
14	0	80	無名のカード	1808	2
14	0	80	無名のカード	3238	2
14	0	80	無名のカード	4046	2
14	0	81	潜在具現化鑑識	3092	1
14	0	81	無名のカード	818	2
14	0	81	無名のカード	3140	2
14	0	81	無名のカード	1568	2
14	0	81	無名のカード	1284	2
14	0	81	無名のカード	1160	2
14	0	81	無名のカード	495	2
14	0	81	無名のカード	684	2
14	0	81	無名のカード	1249	2
14	0	81	無名のカード	803	2
14	0	81	無名のカード	4354	2
14	0	83	天光	839	1
14	0	83	無名のカード	1217	2
14	0	83	無名のカード	2611	2
14	0	83	無名のカード	336	2
14	0	83	無名のカード	708	2
14	0	83	無名のカード	174	2
14	0	83	無名のカード	709	2
14	0	83	無名のカード	4388	2
14	0	83	無名のカード	4389	2
14	0	83	無名のカード	4374	2
14	0	83	無名のカード	4375	2
14	0	84	無名のカード	439	2
14	0	84	無名のカード	1546	2
14	0	84	無名のカード	1547	2
14	0	84	無名のカード	409	2
14	0	84	無名のカード	1548	2
14	0	84	無名のカード	1549	2
14	0	84	無名のカード	1275	2
14	0	84	無名のカード	299	2
14	0	84	無名のカード	1658	2
14	0	84	無名のカード	812	2
14	0	84	無名のカード	1486	2
14	0	84	無名のカード	1447	2
14	0	84	無名のカード	661	2
14	0	84	無名のカード	1123	2
14	0	84	無名のカード	1775	2
14	0	84	無名のカード	732	2
14	0	84	無名のカード	96	2
14	0	84	無名のカード	97	2
14	0	84	無名のカード	1424	2
14	0	84	無名のカード	2497	2
14	0	84	無名のカード	787	2
14	0	84	無名のカード	435	2
14	0	84	無名のカード	1711	2
14	0	84	無名のカード	1712	2
14	0	84	無名のカード	51	2
14	0	84	無名のカード	752	2
14	0	84	無名のカード	1550	2
14	0	84	無名のカード	1279	2
14	0	84	無名のカード	163	2
14	0	84	無名のカード	364	2
14	0	84	無名のカード	2038	2
14	0	84	無名のカード	45	2
14	0	84	無名のカード	420	2
14	0	84	無名のカード	2039	2
14	0	84	無名のカード	645	2
14	0	84	無名のカード	3099	2
14	0	84	無名のカード	3023	2
14	0	84	無名のカード	3024	2
14	0	84	無名のカード	3224	2
14	0	84	無名のカード	3461	2
14	0	84	無名のカード	3462	2
14	0	84	無名のカード	3102	2
14	0	84	無名のカード	3103	2
14	0	84	無名のカード	3104	2
14	0	84	無名のカード	3029	2
14	0	84	無名のカード	3030	2
14	0	84	無名のカード	3105	2
14	0	84	無名のカード	3106	2
14	0	84	無名のカード	3107	2
14	0	85	ナニカ	192	1
14	0	85	無名のカード	173	2
14	0	85	無名のカード	133	2
14	0	85	無名のカード	321	2
14	0	85	無名のカード	416	2
14	0	85	無名のカード	295	2
14	0	85	無名のカード	417	2
14	0	85	無名のカード	1230	2
14	0	85	無名のカード	343	2
14	0	85	無名のカード	418	2
14	0	85	無名のカード	1441	2
14	0	85	無名のカード	649	2
14	0	85	無名のカード	520	2
14	0	85	無名のカード	530	2
14	0	85	無名のカード	861	2
14	0	85	無名のカード	753	2
14	0	85	無名のカード	3000	2
14	0	85	無名のカード	4354	2
14	0	86	偽りのカード	1676	1
14	0	86	無名のカード	3688	2
14	0	86	無名のカード	2321	2
14	0	86	無名のカード	2818	2
14	0	86	無名のカード	3693	2
14	0	86	無名のカード	2322	2
14	0	86	無名のカード	1779	2
14	0	86	無名のカード	3694	2
14	0	86	無名のカード	2323	2
14	0	86	無名のカード	1780	2
14	0	86	無名のカード	4451	2
14	0	86	無名のカード	3323	2
14	0	86	無名のカード	4452	2
14	0	86	無名のカード	719	2
14	0	86	無名のカード	720	2
14	0	86	無名のカード	1834	2
14	0	86	無名のカード	4453	2
14	0	88	無名のカード	4	2
14	0	88	無名のカード	328	2
14	0	88	無名のカード	1386	2
14	0	88	無名のカード	2434	2
14	0	88	無名のカード	329	2
14	0	88	無名のカード	1387	2
14	0	88	無名のカード	457	2
14	0	88	無名のカード	1961	2
14	0	88	無名のカード	2149	2
14	0	88	無名のカード	330	2
14	0	88	無名のカード	702	2
14	0	88	無名のカード	700	2
14	0	88	無名のカード	1963	2
14	0	88	無名のカード	431	2
14	0	88	無名のカード	1389	2
14	0	88	無名のカード	668	2
14	0	88	無名のカード	1391	2
14	0	88	無名のカード	1500	2
14	0	88	無名のカード	305	2
14	0	88	無名のカード	1393	2
14	0	89	潜在具現化鑑識	2378	1
14	0	89	無名のカード	4454	2
14	0	89	無名のカード	4455	2
14	0	89	無名のカード	1644	2
14	0	89	無名のカード	4150	2
14	0	89	無名のカード	2697	2
14	0	89	無名のカード	3059	2
14	0	92	記憶の断片	115	1
14	0	92	無名のカード	1	2
14	0	92	無名のカード	9	2
14	0	92	無名のカード	7	2
14	0	92	無名のカード	137	2
14	0	92	無名のカード	131	2
14	0	92	無名のカード	338	2
14	0	92	無名のカード	201	2
14	0	92	無名のカード	216	2
14	0	92	無名のカード	158	2
14	0	92	無名のカード	1511	2
14	0	92	無名のカード	2915	2
14	0	92	無名のカード	1739	2
14	0	92	無名のカード	2916	2
14	0	92	無名のカード	822	2
14	0	92	無名のカード	3411	2
14	0	92	無名のカード	623	2
14	0	92	無名のカード	3412	2
14	0	92	無名のカード	3827	2
14	0	92	無名のカード	4061	2
14	0	92	無名のカード	4062	2
14	0	93	エーアイ	2846	1
14	0	93	無名のカード	121	2
14	0	93	無名のカード	1287	2
14	0	93	無名のカード	122	2
14	0	93	無名のカード	1288	2
14	0	93	無名のカード	123	2
14	0	93	無名のカード	1289	2
14	0	93	無名のカード	124	2
14	0	93	無名のカード	1290	2
14	0	93	無名のカード	125	2
14	0	93	無名のカード	1291	2
14	0	93	無名のカード	126	2
14	0	93	無名のカード	1292	2
14	0	93	無名のカード	127	2
14	0	93	無名のカード	1293	2
14	0	93	無名のカード	128	2
14	0	93	無名のカード	1294	2
14	0	93	無名のカード	129	2
14	0	93	無名のカード	1295	2
14	0	93	無名のカード	250	2
14	0	93	無名のカード	1123	2
14	0	93	無名のカード	2649	2
14	0	93	無名のカード	1775	2
14	0	93	無名のカード	2650	2
14	0	93	無名のカード	1596	2
14	0	93	無名のカード	2497	2
14	0	93	無名のカード	4245	2
14	0	93	無名のカード	787	2
14	0	93	無名のカード	4246	2
14	0	93	無名のカード	51	2
14	0	93	無名のカード	2372	2
14	0	93	無名のカード	2038	2
14	0	93	無名のカード	3793	2
14	0	93	無名のカード	1171	2
14	0	93	無名のカード	2171	2
14	0	93	無名のカード	705	2
14	0	93	無名のカード	1659	2
14	0	93	無名のカード	340	2
14	0	95	無名の古びたカード	4025	1
14	0	95	無名のカード	1873	2
14	0	95	無名のカード	2500	2
14	0	95	無名のカード	2201	2
14	0	95	無名のカード	2355	2
14	0	95	無名のカード	1870	2
14	0	95	無名のカード	2267	2
14	0	95	無名のカード	2268	2
14	0	95	無名のカード	2664	2
14	0	95	無名のカード	1836	2
14	0	95	無名のカード	4404	2
14	0	95	無名のカード	4406	2
14	0	95	無名のカード	4408	2
14	0	95	無名のカード	4410	2
14	0	95	無名のカード	4362	2
14	0	95	無名のカード	4372	2
14	0	95	無名のカード	4373	2
14	0	95	無名のカード	4364	2
14	0	95	無名のカード	4388	2
14	0	95	無名のカード	4389	2
14	0	95	無名のカード	4390	2
14	0	95	無名のカード	4391	2
14	0	95	無名のカード	4374	2
14	0	95	無名のカード	4375	2
14	0	95	無名のカード	4376	2
14	0	95	無名のカード	4400	2
14	0	96	無名のカード	1149	2
14	0	96	無名のカード	1983	2
14	0	96	無名のカード	244	2
14	0	96	無名のカード	1984	2
14	0	96	無名のカード	878	2
14	0	96	無名のカード	2381	2
14	0	96	無名のカード	1150	2
14	0	96	無名のカード	946	2
14	0	96	無名のカード	879	2
14	0	96	無名のカード	540	2
14	0	96	無名のカード	1238	2
14	0	96	無名のカード	597	2
14	0	96	無名のカード	1359	2
14	0	96	無名のカード	903	2
14	0	96	無名のカード	1692	2
14	0	96	無名のカード	432	2
14	0	96	無名のカード	585	2
14	0	97	メモリーチップ試作型	4456	1
14	0	97	無名のカード	411	2
14	0	97	無名のカード	2921	2
14	0	97	無名のカード	2149	2
14	0	97	無名のカード	2425	2
14	0	97	無名のカード	2426	2
14	0	97	無名のカード	4457	2
14	0	97	無名のカード	2235	2
14	0	97	無名のカード	4362	2
14	0	97	無名のカード	4364	2
14	0	97	無名のカード	4374	2
14	0	97	無名のカード	4400	2
14	0	98	無名のカード	218	2
14	0	98	無名のカード	1007	2
14	0	98	無名のカード	27	2
14	0	98	無名のカード	1130	2
14	0	98	無名のカード	54	2
14	0	98	無名のカード	719	2
14	0	98	無名のカード	720	2
14	0	99	新たなる星と夢	2919	1
14	0	99	無名のカード	4	2
14	0	99	無名のカード	328	2
14	0	99	無名のカード	1386	2
14	0	99	無名のカード	919	2
14	0	99	無名のカード	1476	2
14	0	99	無名のカード	857	2
14	0	99	無名のカード	878	2
14	0	99	無名のカード	879	2
14	0	99	無名のカード	301	2
14	0	99	無名のカード	2535	2
14	0	99	無名のカード	1519	2
14	0	99	無名のカード	1758	2
14	0	99	無名のカード	1235	2
14	0	99	無名のカード	86	2
14	0	99	無名のカード	819	2
14	0	99	無名のカード	2309	2
14	0	99	無名のカード	1003	2
14	0	99	無名のカード	576	2
14	0	99	無名のカード	329	2
14	0	99	無名のカード	1387	2
14	0	99	無名のカード	457	2
14	0	99	無名のカード	2646	2
14	0	99	無名のカード	1197	2
14	0	99	無名のカード	1714	2
14	0	99	無名のカード	1112	2
14	0	99	無名のカード	1113	2
14	0	99	無名のカード	1388	2
14	0	99	無名のカード	929	2
14	0	99	無名のカード	2325	2
14	0	99	無名のカード	1957	2
14	0	99	無名のカード	330	2
14	0	99	無名のカード	700	2
14	0	99	無名のカード	431	2
14	0	99	無名のカード	761	2
14	0	99	無名のカード	1234	2
14	0	99	無名のカード	1450	2
14	0	99	無名のカード	1155	2
14	0	99	無名のカード	2029	2
14	0	99	無名のカード	1709	2
14	0	99	無名のカード	977	2
14	0	99	無名のカード	1158	2
14	0	99	無名のカード	800	2
14	0	99	無名のカード	1760	2
14	0	99	無名のカード	1674	2
14	0	99	無名のカード	2779	2
14	0	99	無名のカード	466	2
14	0	99	無名のカード	807	2
14	0	99	無名のカード	3688	2
14	0	99	無名のカード	1323	2
14	0	99	無名のカード	871	2
14	0	99	無名のカード	773	2
14	0	99	無名のカード	2321	2
14	0	99	無名のカード	639	2
14	0	99	無名のカード	1453	2
14	0	99	無名のカード	2876	2
14	0	99	無名のカード	3690	2
14	0	99	無名のカード	98	2
14	0	99	無名のカード	1496	2
14	0	99	無名のカード	774	2
14	0	99	無名のカード	2836	2
14	0	99	無名のカード	2620	2
14	0	99	無名のカード	2233	2
14	0	99	無名のカード	2488	2
14	0	99	無名のカード	2489	2
14	0	99	無名のカード	775	2
14	0	99	無名のカード	2359	2
14	0	99	無名のカード	808	2
14	0	99	無名のカード	3693	2
14	0	99	無名のカード	776	2
14	0	99	無名のカード	2322	2
14	0	99	無名のカード	467	2
14	0	99	無名のカード	218	2
14	0	99	無名のカード	1899	2
14	0	99	無名のカード	551	2
14	0	99	無名のカード	1779	2
14	0	99	無名のカード	350	2
14	0	99	無名のカード	777	2
14	0	99	無名のカード	2189	2
14	0	99	無名のカード	292	2
14	0	99	無名のカード	3694	2
14	0	99	無名のカード	778	2
14	0	99	無名のカード	2323	2
14	0	99	無名のカード	468	2
14	0	99	無名のカード	1007	2
14	0	99	無名のカード	2132	2
14	0	99	無名のカード	552	2
14	0	99	無名のカード	1780	2
14	0	99	無名のカード	351	2
14	0	99	無名のカード	1167	2
14	0	99	無名のカード	2647	2
14	0	99	無名のカード	1008	2
14	0	99	無名のカード	211	2
14	0	99	無名のカード	1009	2
14	0	99	無名のカード	1592	2
14	0	99	無名のカード	352	2
14	0	99	無名のカード	305	2
14	0	99	無名のカード	2806	2
14	0	99	無名のカード	1540	2
14	0	99	無名のカード	1973	2
14	0	99	無名のカード	1974	2
14	0	99	無名のカード	1172	2
14	0	99	無名のカード	932	2
14	0	99	無名のカード	1975	2
14	0	99	無名のカード	1240	2
14	0	99	無名のカード	719	2
14	0	99	無名のカード	720	2
14	0	99	無名のカード	1138	2
14	0	99	無名のカード	460	2
14	0	99	無名のカード	1477	2
14	0	99	無名のカード	952	2
14	0	99	無名のカード	1485	2
14	0	99	無名のカード	2386	2
14	0	99	無名のカード	3002	2
14	0	99	無名のカード	3531	2
14	0	99	無名のカード	3003	2
14	0	99	無名のカード	3296	2
14	0	99	無名のカード	3354	2
14	0	99	無名のカード	3162	2
14	0	99	無名のカード	3077	2
14	0	99	無名のカード	3203	2
14	0	99	無名のカード	3206	2
14	0	99	無名のカード	3079	2
14	0	99	無名のカード	3080	2
14	0	99	無名のカード	3025	2
14	0	99	無名のカード	3028	2
14	0	99	無名のカード	3463	2
14	0	99	無名のカード	3298	2
14	0	99	無名のカード	3031	2
14	0	99	無名のカード	3081	2
14	0	100	アルカナナイツ報告	3557	1
14	0	100	無名のカード	2441	2
14	0	100	無名のカード	2201	2
14	0	100	無名のカード	2268	2
14	0	100	無名のカード	59	2
14	0	100	無名のカード	2035	2
14	0	100	無名のカード	497	2
14	0	100	無名のカード	911	2
14	0	100	無名のカード	3089	2
14	0	100	無名のカード	2775	2
14	0	100	無名のカード	1477	2
14	0	100	無名のカード	2776	2
14	0	100	無名のカード	952	2
14	0	100	無名のカード	3165	2
14	0	103	潜在具現化鑑識	4458	1
14	0	103	無名のカード	364	2
14	0	103	無名のカード	645	2
14	0	103	無名のカード	975	2
14	0	103	無名のカード	2073	2
14	0	103	無名のカード	4459	2
14	0	103	無名のカード	976	2
14	0	103	無名のカード	2074	2
14	0	103	無名のカード	4460	2
14	0	103	無名のカード	1571	2
14	0	103	無名のカード	3742	2
14	0	103	無名のカード	1217	2
14	0	103	無名のカード	2611	2
14	0	103	無名のカード	2115	2
14	0	103	無名のカード	2924	2
14	0	103	無名のカード	336	2
14	0	103	無名のカード	708	2
14	0	103	無名のカード	703	2
14	0	103	無名のカード	848	2
14	0	103	無名のカード	500	2
14	0	103	無名のカード	642	2
14	0	103	無名のカード	1836	2
14	0	103	無名のカード	4362	2
14	0	103	無名のカード	4372	2
14	0	103	無名のカード	4373	2
14	0	103	無名のカード	4364	2
14	0	103	無名のカード	4374	2
14	0	103	無名のカード	4375	2
14	0	103	無名のカード	4376	2
14	0	103	無名のカード	4400	2
14	0	104	無名のカード	4461	2
14	0	105	無名のカード	4351	2
14	0	105	無名のカード	4462	2
14	0	105	無名のカード	1834	2
14	0	106	今世紀最高級のチェインスティーラー	4463	1
14	0	106	無名のカード	577	2
14	0	106	無名のカード	1188	2
14	0	106	無名のカード	279	2
14	0	106	無名のカード	1638	2
14	0	106	無名のカード	578	2
14	0	106	無名のカード	743	2
14	0	106	無名のカード	790	2
14	0	106	無名のカード	144	2
14	0	106	無名のカード	99	2
14	0	106	無名のカード	1469	2
14	0	106	無名のカード	512	2
14	0	106	無名のカード	395	2
14	0	106	無名のカード	1157	2
14	0	106	無名のカード	181	2
14	0	106	無名のカード	39	2
14	0	106	無名のカード	182	2
14	0	106	無名のカード	671	2
14	0	106	無名のカード	1806	2
14	0	106	無名のカード	1124	2
14	0	106	無名のカード	1190	2
14	0	106	無名のカード	736	2
14	0	106	無名のカード	2333	2
14	0	106	無名のカード	801	2
14	0	106	無名のカード	3723	2
14	0	106	無名のカード	116	2
14	0	106	無名のカード	2158	2
14	0	106	無名のカード	964	2
14	0	106	無名のカード	1981	2
14	0	106	無名のカード	180	2
14	0	106	無名のカード	2087	2
14	0	106	無名のカード	802	2
14	0	106	無名のカード	3943	2
14	0	106	無名のカード	453	2
14	0	106	無名のカード	965	2
14	0	106	無名のカード	1982	2
14	0	106	無名のカード	996	2
14	0	106	無名のカード	2389	2
14	0	106	無名のカード	649	2
14	0	106	無名のカード	1583	2
14	0	106	無名のカード	530	2
14	0	106	無名のカード	1584	2
14	0	106	無名のカード	791	2
14	0	106	無名のカード	4464	2
14	0	106	無名のカード	447	2
14	0	106	無名のカード	4465	2
14	0	106	無名のカード	895	2
14	0	106	無名のカード	3277	2
14	0	106	無名のカード	721	2
14	0	106	無名のカード	803	2
14	0	106	無名のカード	324	2
14	0	106	無名のカード	1551	2
14	0	106	無名のカード	3431	2
14	0	106	無名のカード	4466	2
14	0	106	無名のカード	4354	2
14	0	106	無名のカード	4355	2
14	0	110	射殺	4280	1
14	0	110	無名のカード	4223	2
14	0	110	無名のカード	3923	2
14	0	110	無名のカード	1909	2
14	0	110	無名のカード	4354	2
14	0	110	無名のカード	4355	2
14	0	112	無名のカード	2990	2
14	0	112	無名のカード	2541	2
14	0	112	無名のカード	3985	2
14	0	112	無名のカード	2072	2
14	0	112	無名のカード	3648	2
14	0	112	無名のカード	1855	2
14	0	112	無名のカード	2334	2
14	0	112	無名のカード	1463	2
14	0	112	無名のカード	2542	2
14	0	112	無名のカード	1345	2
14	0	112	無名のカード	336	2
14	0	112	無名のカード	708	2
14	0	112	無名のカード	703	2
14	0	112	無名のカード	1459	2
14	0	112	無名のカード	1460	2
14	0	112	無名のカード	1464	2
14	0	112	無名のカード	1568	2
14	0	112	無名のカード	1284	2
14	0	112	無名のカード	1160	2
14	0	112	無名のカード	2081	2
14	0	112	無名のカード	2868	2
14	0	112	無名のカード	4046	2
14	0	113	潜在具現化鑑識	2892	1
14	0	113	無名のカード	2484	2
14	0	113	無名のカード	4454	2
14	0	113	無名のカード	4467	2
14	0	113	無名のカード	4404	2
14	0	113	無名のカード	4406	2
14	0	113	無名のカード	4362	2
14	0	113	無名のカード	4372	2
14	0	117	化け札:姑獲鳥	1498	1
14	0	117	無名のカード	1345	2
14	0	117	無名のカード	1873	2
14	0	117	無名のカード	708	2
14	0	117	無名のカード	2201	2
14	0	117	無名のカード	1870	2
14	0	117	無名のカード	2267	2
14	0	117	無名のカード	2268	2
14	0	117	無名のカード	2458	2
14	0	117	無名のカード	1460	2
14	0	117	無名のカード	3181	2
14	0	117	無名のカード	3579	2
14	0	117	無名のカード	1830	2
14	0	117	無名のカード	1836	2
14	0	122	潜在具現化鑑識	1910	1
14	0	122	無名のカード	121	2
14	0	122	無名のカード	1287	2
14	0	122	無名のカード	122	2
14	0	122	無名のカード	1288	2
14	0	122	無名のカード	123	2
14	0	122	無名のカード	1289	2
14	0	122	無名のカード	124	2
14	0	122	無名のカード	1290	2
14	0	122	無名のカード	125	2
14	0	122	無名のカード	1291	2
14	0	122	無名のカード	126	2
14	0	122	無名のカード	1292	2
14	0	122	無名のカード	127	2
14	0	122	無名のカード	1293	2
14	0	122	無名のカード	128	2
14	0	122	無名のカード	1294	2
14	0	122	無名のカード	129	2
14	0	122	無名のカード	1295	2
14	0	122	無名のカード	862	2
14	0	122	無名のカード	2411	2
14	0	122	無名のカード	490	2
14	0	122	無名のカード	3722	2
14	0	122	無名のカード	831	2
14	0	122	無名のカード	3489	2
14	0	122	無名のカード	705	2
14	0	122	無名のカード	1659	2
14	0	122	無名のカード	340	2
14	0	122	無名のカード	1296	2
14	0	122	無名のカード	3047	2
14	0	122	無名のカード	4354	2
14	0	122	無名のカード	4355	2
14	0	122	無名のカード	4381	2
14	0	122	無名のカード	4382	2
14	0	125	潜在具現化鑑識	1780	1
14	0	125	無名のカード	2596	2
14	0	125	無名のカード	2597	2
14	0	125	無名のカード	2598	2
14	0	125	無名のカード	2599	2
14	0	125	無名のカード	2600	2
14	0	125	無名のカード	2601	2
14	0	125	無名のカード	2602	2
14	0	125	無名のカード	2603	2
14	0	125	無名のカード	2604	2
14	0	125	無名のカード	3283	2
14	0	127	無名のカード	3062	2
14	0	127	無名のカード	3063	2
14	0	127	無名のカード	585	2
14	0	127	無名のカード	586	2
14	0	127	無名のカード	2035	2
14	0	127	無名のカード	2775	2
14	0	127	無名のカード	2776	2
14	0	127	無名のカード	3165	2
14	0	127	無名のカード	2807	2
14	0	128	神器顕現・心滅槍『ゲイボルグ』	1335	1
14	0	128	無名のカード	196	2
14	0	128	無名のカード	732	2
14	0	128	無名のカード	1392	2
14	0	128	無名のカード	2809	2
14	0	128	無名のカード	1442	2
14	0	128	無名のカード	3657	2
14	0	128	無名のカード	170	2
14	0	128	無名のカード	2895	2
14	0	128	無名のカード	1443	2
14	0	128	無名のカード	3802	2
14	0	128	無名のカード	1444	2
14	0	128	無名のカード	685	2
14	0	128	無名のカード	4041	2
14	0	128	無名のカード	533	2
14	0	128	無名のカード	1751	2
14	0	128	無名のカード	2081	2
14	0	128	無名のカード	500	2
14	0	128	無名のカード	1696	2
14	0	128	無名のカード	507	2
14	0	128	無名のカード	19	2
14	0	128	無名のカード	20	2
14	0	133	無名のカード	1656	2
14	0	133	無名のカード	1657	2
14	0	133	無名のカード	4468	2
14	0	133	無名のカード	4469	2
14	0	133	無名のカード	3020	2
14	0	133	無名のカード	2695	2
14	0	133	無名のカード	2346	2
14	0	133	無名のカード	2619	2
14	0	133	無名のカード	1860	2
14	0	133	無名のカード	3418	2
14	0	133	無名のカード	2574	2
14	0	133	無名のカード	3220	2
14	0	133	無名のカード	4470	2
14	0	133	無名のカード	4450	2
14	0	133	無名のカード	4471	2
14	0	133	無名のカード	1604	2
14	0	133	無名のカード	1808	2
14	0	139	いぬかーど	3374	1
14	0	139	無名のカード	850	2
14	0	139	無名のカード	500	2
14	0	139	無名のカード	19	2
14	0	139	無名のカード	20	2
14	0	139	無名のカード	659	2
14	0	139	無名のカード	2035	2
14	0	139	無名のカード	2052	2
14	0	139	無名のカード	2053	2
14	0	139	無名のカード	2013	2
14	0	139	無名のカード	3602	2
14	0	140	潜在具現化鑑識	2834	1
14	0	140	無名のカード	1180	2
14	0	141	刻命『』	1874	1
14	0	141	無名のカード	3740	2
14	0	141	無名のカード	4416	2
14	0	141	無名のカード	1909	2
14	0	141	無名のカード	2409	2
14	0	141	無名のカード	4354	2
14	0	142	潜在具現化鑑識	2762	1
14	0	142	無名のカード	1091	2
14	0	142	無名のカード	544	2
14	0	142	無名のカード	1533	2
14	0	142	無名のカード	1360	2
14	0	142	無名のカード	706	2
14	0	142	無名のカード	1755	2
14	0	142	無名のカード	173	2
14	0	142	無名のカード	133	2
14	0	142	無名のカード	321	2
14	0	142	無名のカード	416	2
14	0	142	無名のカード	638	2
14	0	142	無名のカード	581	2
14	0	142	無名のカード	523	2
14	0	142	無名のカード	2090	2
14	0	142	無名のカード	524	2
14	0	142	無名のカード	2091	2
14	0	142	無名のカード	295	2
14	0	142	無名のカード	417	2
14	0	142	無名のカード	525	2
14	0	142	無名のカード	2092	2
14	0	142	無名のカード	526	2
14	0	142	無名のカード	2093	2
14	0	142	無名のカード	343	2
14	0	142	無名のカード	418	2
14	0	142	無名のカード	1527	2
14	0	142	無名のカード	2387	2
14	0	142	無名のカード	1528	2
14	0	142	無名のカード	2388	2
14	0	142	無名のカード	617	2
14	0	142	無名のカード	666	2
14	0	142	無名のカード	888	2
14	0	142	無名のカード	889	2
14	0	142	無名のカード	1529	2
14	0	142	無名のカード	186	2
14	0	142	無名のカード	492	2
14	0	142	無名のカード	806	2
14	0	142	無名のカード	1297	2
14	0	142	無名のカード	967	2
14	0	142	無名のカード	1413	2
14	0	142	無名のカード	1588	2
14	0	142	無名のカード	1302	2
14	0	142	無名のカード	1589	2
14	0	142	無名のカード	1590	2
14	0	142	無名のカード	1461	2
14	0	142	無名のカード	1830	2
14	0	142	無名のカード	1534	2
14	0	142	無名のカード	493	2
14	0	142	無名のカード	1690	2
14	0	142	無名のカード	2001	2
14	0	143	あざらしの拾ったカード	2419	1
14	0	143	無名のカード	1338	2
14	0	143	無名のカード	1606	2
14	0	143	無名のカード	3828	2
14	0	143	無名のカード	4362	2
14	0	143	無名のカード	4373	2
14	0	143	無名のカード	4363	2
14	0	143	無名のカード	4364	2
14	0	144	八重桜	1883	1
14	0	144	無名のカード	1507	2
14	0	144	無名のカード	2556	2
14	0	144	無名のカード	3741	2
14	0	144	無名のカード	3742	2
14	0	144	無名のカード	708	2
14	0	144	無名のカード	1284	2
14	0	144	無名のカード	1972	2
14	0	144	無名のカード	676	2
14	0	149	薄氷のカード	3038	1
14	0	149	無名のカード	1748	2
14	0	149	無名のカード	1749	2
14	0	149	無名のカード	3414	2
14	0	149	無名のカード	3415	2
14	0	149	無名のカード	3416	2
14	0	149	無名のカード	4472	2
14	0	149	無名のカード	4473	2
14	0	149	無名のカード	1873	2
14	0	149	無名のカード	2201	2
14	0	149	無名のカード	2355	2
14	0	149	無名のカード	676	2
14	0	149	無名のカード	1097	2
14	0	149	無名のカード	1376	2
14	0	149	無名のカード	4404	2
14	0	149	無名のカード	4406	2
14	0	149	無名のカード	4408	2
14	0	149	無名のカード	4410	2
14	0	149	無名のカード	4362	2
14	0	149	無名のカード	4412	2
14	0	149	無名のカード	4372	2
14	0	149	無名のカード	4474	2
14	0	149	無名のカード	4373	2
14	0	149	無名のカード	4413	2
14	0	149	無名のカード	4364	2
14	0	149	無名のカード	4414	2
14	0	149	無名のカード	4354	2
14	0	150	魔札“審判の笛”	707	1
14	0	150	無名のカード	3507	2
14	0	150	無名のカード	3508	2
14	0	150	無名のカード	2940	2
14	0	150	無名のカード	2941	2
14	0	150	無名のカード	4018	2
14	0	150	無名のカード	4019	2
14	0	150	無名のカード	4475	2
14	0	150	無名のカード	3264	2
14	0	150	無名のカード	3710	2
14	0	150	無名のカード	3986	2
14	0	150	無名のカード	2384	2
14	0	150	無名のカード	2385	2
14	0	150	無名のカード	1593	2
14	0	150	無名のカード	2199	2
14	0	150	無名のカード	1594	2
14	0	150	無名のカード	2485	2
14	0	150	無名のカード	2188	2
14	0	150	無名のカード	1180	2
14	0	150	無名のカード	1503	2
14	0	150	無名のカード	1799	2
14	0	150	無名のカード	3042	2
14	0	150	無名のカード	3043	2
14	0	150	無名のカード	3518	2
14	0	150	無名のカード	3519	2
14	0	150	無名のカード	3377	2
14	0	150	無名のカード	3378	2
14	0	150	無名のカード	3988	2
14	0	150	無名のカード	3989	2
14	0	150	無名のカード	4335	2
14	0	152	無名のカード	4351	2
14	0	152	無名のカード	4353	2
14	0	152	無名のカード	4354	2
14	0	154	メイプルシロップ	4429	1
14	0	154	無名のカード	2073	2
14	0	154	無名のカード	2074	2
14	0	154	無名のカード	4050	2
14	0	157	無名のカード	2694	2
14	0	157	無名のカード	3780	2
14	0	158	無名のカード	1342	2
14	0	158	無名のカード	1565	2
14	0	159	アルバリ	2300	1
14	0	159	無名のカード	3722	2
14	0	159	無名のカード	1981	2
14	0	159	無名のカード	2431	2
14	0	159	無名のカード	3489	2
14	0	159	無名のカード	1982	2
14	0	159	無名のカード	2433	2
14	0	159	無名のカード	2949	2
14	0	159	無名のカード	2679	2
14	0	159	無名のカード	4143	2
14	0	159	無名のカード	4144	2
14	0	159	無名のカード	3944	2
14	0	159	無名のカード	3945	2
14	0	159	無名のカード	3946	2
14	0	159	無名のカード	3947	2
14	0	159	無名のカード	4476	2
14	0	159	無名のカード	4477	2
14	0	159	無名のカード	2035	2
14	0	159	無名のカード	2052	2
14	0	159	無名のカード	2775	2
14	0	159	無名のカード	2776	2
14	0	159	無名のカード	3312	2
14	0	159	無名のカード	1551	2
14	0	159	無名のカード	4354	2
14	0	159	無名のカード	4355	2
14	0	159	無名のカード	4381	2
14	0	159	無名のカード	4382	2
14	0	160	廻星	1590	1
14	0	160	無名のカード	531	2
14	0	160	無名のカード	237	2
14	0	160	無名のカード	355	2
14	0	160	無名のカード	41	2
14	0	160	無名のカード	663	2
14	0	160	無名のカード	1978	2
14	0	160	無名のカード	1973	2
14	0	160	無名のカード	1873	2
14	0	160	無名のカード	1870	2
14	0	160	無名のカード	2267	2
14	0	160	無名のカード	2458	2
14	0	160	無名のカード	3181	2
14	0	160	無名のカード	61	2
14	0	160	無名のカード	943	2
14	0	160	無名のカード	243	2
14	0	160	無名のカード	763	2
14	0	160	無名のカード	1398	2
14	0	160	無名のカード	2152	2
14	0	166	発明スキル『ランダムピックアップ』	1745	1
14	0	166	無名のカード	9	2
14	0	166	無名のカード	7	2
14	0	166	無名のカード	131	2
14	0	166	無名のカード	338	2
14	0	166	無名のカード	1928	2
14	0	166	無名のカード	710	2
14	0	166	無名のカード	1929	2
14	0	166	無名のカード	132	2
14	0	166	無名のカード	873	2
14	0	166	無名のカード	110	2
14	0	166	無名のカード	874	2
14	0	166	無名のカード	766	2
14	0	166	無名のカード	839	2
14	0	166	無名のカード	840	2
14	0	166	無名のカード	2075	2
14	0	166	無名のカード	228	2
14	0	166	無名のカード	309	2
14	0	166	無名のカード	310	2
14	0	166	無名のカード	509	2
14	0	166	無名のカード	1103	2
14	0	166	無名のカード	1311	2
14	0	166	無名のカード	1522	2
14	0	166	無名のカード	364	2
14	0	166	無名のカード	818	2
14	0	166	無名のカード	2427	2
14	0	166	無名のカード	208	2
14	0	166	無名のカード	2498	2
14	0	166	無名のカード	1752	2
14	0	166	無名のカード	1506	2
14	0	166	無名のカード	2050	2
14	0	166	無名のカード	580	2
14	0	166	無名のカード	3794	2
14	0	166	無名のカード	1585	2
14	0	166	無名のカード	3795	2
14	0	166	無名のカード	3796	2
14	0	166	無名のカード	2499	2
14	0	166	無名のカード	1173	2
14	0	166	無名のカード	1455	2
14	0	166	無名のカード	1568	2
14	0	166	無名のカード	1284	2
14	0	166	無名のカード	495	2
14	0	166	無名のカード	684	2
14	0	168	無名のカード	619	2
14	0	168	無名のカード	620	2
14	0	168	無名のカード	192	2
14	0	168	無名のカード	957	2
14	0	168	無名のカード	582	2
14	0	168	無名のカード	183	2
14	0	168	無名のカード	1525	2
14	0	168	無名のカード	1510	2
14	0	168	無名のカード	927	2
14	0	168	無名のカード	697	2
14	0	168	無名のカード	1462	2
14	0	168	無名のカード	2214	2
14	0	168	無名のカード	592	2
14	0	168	無名のカード	2138	2
14	0	168	無名のカード	133	2
14	0	168	無名のカード	2303	2
14	0	168	無名のカード	416	2
14	0	168	無名のカード	581	2
14	0	168	無名のカード	1845	2
14	0	168	無名のカード	593	2
14	0	168	無名のカード	1883	2
14	0	168	無名のカード	523	2
14	0	168	無名のカード	2090	2
14	0	168	無名のカード	524	2
14	0	168	無名のカード	2091	2
14	0	168	無名のカード	295	2
14	0	168	無名のカード	417	2
14	0	168	無名のカード	525	2
14	0	168	無名のカード	2092	2
14	0	168	無名のカード	526	2
14	0	168	無名のカード	2093	2
14	0	168	無名のカード	343	2
14	0	168	無名のカード	418	2
14	0	168	無名のカード	1527	2
14	0	168	無名のカード	2387	2
14	0	168	無名のカード	1528	2
14	0	168	無名のカード	2388	2
14	0	168	無名のカード	617	2
14	0	168	無名のカード	666	2
14	0	168	無名のカード	1246	2
14	0	168	無名のカード	3307	2
14	0	168	無名のカード	1247	2
14	0	168	無名のカード	3308	2
14	0	168	無名のカード	1278	2
14	0	168	無名のカード	955	2
14	0	168	無名のカード	520	2
14	0	168	無名のカード	2997	2
14	0	168	無名のカード	861	2
14	0	168	無名のカード	2000	2
14	0	168	無名のカード	2998	2
14	0	168	無名のカード	1504	2
14	0	168	無名のカード	2999	2
14	0	168	無名のカード	186	2
14	0	168	無名のカード	2615	2
14	0	168	無名のカード	492	2
14	0	168	無名のカード	2878	2
14	0	168	無名のカード	806	2
14	0	168	無名のカード	4478	2
14	0	168	無名のカード	891	2
14	0	168	無名のカード	3309	2
14	0	168	無名のカード	615	2
14	0	168	無名のカード	967	2
14	0	168	無名のカード	2420	2
14	0	168	無名のカード	1588	2
14	0	168	無名のカード	4025	2
14	0	168	無名のカード	1302	2
14	0	168	無名のカード	1589	2
14	0	168	無名のカード	1590	2
14	0	168	無名のカード	441	2
14	0	168	無名のカード	2215	2
14	0	168	無名のカード	4313	2
14	0	168	無名のカード	4354	2
14	0	169	追壊の欠片	2486	1
14	0	169	無名のカード	1406	2
14	0	169	無名のカード	2073	2
14	0	169	無名のカード	1407	2
14	0	169	無名のカード	2074	2
14	0	169	無名のカード	3742	2
14	0	169	無名のカード	1972	2
14	0	169	無名のカード	1565	2
14	0	169	無名のカード	2094	2
14	0	173	無名のカード	1016	2
14	0	173	無名のカード	1344	2
14	0	173	無名のカード	1616	2
14	0	173	無名のカード	1867	2
14	0	173	無名のカード	2538	2
14	0	173	無名のカード	1601	2
14	0	173	無名のカード	2677	2
14	0	173	無名のカード	1643	2
14	0	173	無名のカード	2713	2
14	0	173	無名のカード	2540	2
14	0	173	無名のカード	4479	2
14	0	173	無名のカード	3056	2
14	0	173	無名のカード	3239	2
14	0	173	無名のカード	3193	2
14	0	174	無名のカード	573	2
14	0	174	無名のカード	1616	2
14	0	174	無名のカード	249	2
14	0	174	無名のカード	2314	2
14	0	174	無名のカード	1643	2
14	0	174	無名のカード	2549	2
14	0	174	無名のカード	2034	2
14	0	174	無名のカード	3757	2
14	0	174	無名のカード	3056	2
14	0	174	無名のカード	3207	2
14	0	175	無名のカード	1617	2
14	0	175	無名のカード	4480	2
14	0	176	無名のカード	3233	2
14	0	176	無名のカード	2072	2
14	0	176	無名のカード	2441	2
14	0	176	無名のカード	2201	2
14	0	176	無名のカード	2268	2
14	0	176	無名のカード	59	2
14	0	176	無名のカード	497	2
14	0	176	無名のカード	1477	2
14	0	179	コンパウンド・カルド	4481	1
14	0	179	無名のカード	3904	2
14	0	179	無名のカード	4482	2
14	0	181	おみやげ屋の微妙にかわいくない土偶ケーキ	3692	1
14	0	183	無名のカード	4354	2
14	0	184	なにかの一欠け	3788	1
14	0	184	無名のカード	2501	2
14	0	187	無名のカード	1018	2
14	0	187	無名のカード	1858	2
14	0	187	無名のカード	2296	2
14	0	187	無名のカード	4258	2
14	0	188	無名のカード	8	2
14	0	188	無名のカード	560	2
14	0	188	無名のカード	677	2
14	0	188	無名のカード	505	2
14	0	188	無名のカード	1542	2
14	0	188	無名のカード	390	2
14	0	188	無名のカード	325	2
14	0	188	無名のカード	568	2
14	0	188	無名のカード	101	2
14	0	188	無名のカード	3495	2
14	0	188	無名のカード	535	2
14	0	188	無名のカード	3504	2
14	0	188	無名のカード	1119	2
14	0	188	無名のカード	1120	2
14	0	188	無名のカード	1121	2
14	0	188	無名のカード	3861	2
14	0	188	無名のカード	855	2
14	0	188	無名のカード	564	2
14	0	188	無名のカード	302	2
14	0	188	無名のカード	950	2
14	0	188	無名のカード	303	2
14	0	188	無名のカード	2421	2
14	0	188	無名のカード	141	2
14	0	188	無名のカード	1414	2
14	0	188	無名のカード	665	2
14	0	188	無名のカード	2422	2
14	0	188	無名のカード	159	2
14	0	188	無名のカード	1842	2
14	0	188	無名のカード	556	2
14	0	188	無名のカード	3373	2
14	0	188	無名のカード	627	2
14	0	188	無名のカード	2140	2
14	0	188	無名のカード	554	2
14	0	188	無名のカード	1782	2
14	0	188	無名のカード	1390	2
14	0	188	無名のカード	2946	2
14	0	188	無名のカード	68	2
14	0	188	無名のカード	3497	2
14	0	188	無名のカード	2785	2
14	0	188	無名のカード	3843	2
14	0	188	無名のカード	557	2
14	0	188	無名のカード	2992	2
14	0	188	無名のカード	1899	2
14	0	188	無名のカード	1779	2
14	0	188	無名のカード	1406	2
14	0	188	無名のカード	2073	2
14	0	188	無名のカード	558	2
14	0	188	無名のカード	1610	2
14	0	188	無名のカード	2132	2
14	0	188	無名のカード	1780	2
14	0	188	無名のカード	1407	2
14	0	188	無名のカード	2074	2
14	0	188	無名のカード	2278	2
14	0	188	無名のカード	3919	2
14	0	188	無名のカード	1913	2
14	0	188	無名のカード	3741	2
14	0	188	無名のカード	326	2
14	0	188	無名のカード	698	2
14	0	188	無名のカード	3505	2
14	0	188	無名のカード	713	2
14	0	188	無名のカード	2107	2
14	0	188	無名のカード	714	2
14	0	188	無名のカード	2395	2
14	0	188	無名のカード	2767	2
14	0	188	無名のカード	2768	2
14	0	188	無名のカード	3062	2
14	0	188	無名のカード	3084	2
14	0	188	無名のカード	3131	2
14	0	188	無名のカード	3132	2
14	0	188	無名のカード	3134	2
14	0	188	無名のカード	3135	2
14	0	188	無名のカード	3136	2
14	0	188	無名のカード	3138	2
14	0	188	無名のカード	3832	2
14	0	188	無名のカード	3848	2
14	0	188	無名のカード	3857	2
14	0	188	無名のカード	3935	2
14	0	188	無名のカード	4362	2
14	0	188	無名のカード	4372	2
14	0	188	無名のカード	4373	2
14	0	188	無名のカード	4363	2
14	0	188	無名のカード	4364	2
14	0	190	アルストロメリア	2466	1
14	0	190	無名のカード	4001	2
14	0	190	無名のカード	4483	2
14	0	190	無名のカード	4004	2
14	0	190	無名のカード	4484	2
14	0	190	無名のカード	1913	2
14	0	190	無名のカード	3741	2
14	0	190	無名のカード	2509	2
14	0	190	無名のカード	2141	2
14	0	190	無名のカード	2786	2
14	0	190	無名のカード	1130	2
14	0	190	無名のカード	1415	2
14	0	190	無名のカード	2446	2
14	0	190	無名のカード	1180	2
14	0	190	無名のカード	1503	2
14	0	190	無名のカード	1799	2
14	0	190	無名のカード	2447	2
14	0	190	無名のカード	1833	2
14	0	190	無名のカード	2654	2
14	0	190	無名のカード	4404	2
14	0	190	無名のカード	4406	2
14	0	190	無名のカード	4408	2
14	0	190	無名のカード	4410	2
14	0	190	無名のカード	4362	2
14	0	190	無名のカード	4373	2
14	0	190	無名のカード	4364	2
14	0	195	無名のカード	5	2
14	0	195	無名のカード	109	2
14	0	195	無名のカード	422	2
14	0	195	無名のカード	933	2
14	0	195	無名のカード	1176	2
14	0	195	無名のカード	764	2
14	0	195	無名のカード	694	2
14	0	195	無名のカード	868	2
14	0	195	無名のカード	824	2
14	0	195	無名のカード	221	2
14	0	195	無名のカード	4485	2
14	0	195	無名のカード	2302	2
14	0	195	無名のカード	319	2
14	0	195	無名のカード	938	2
14	0	195	無名のカード	1421	2
14	0	195	無名のカード	1195	2
14	0	195	無名のカード	372	2
14	0	195	無名のカード	381	2
14	0	195	無名のカード	528	2
14	0	195	無名のカード	571	2
14	0	195	無名のカード	1431	2
14	0	195	無名のカード	1163	2
14	0	195	無名のカード	4486	2
14	0	195	無名のカード	1281	2
14	0	195	無名のカード	531	2
14	0	195	無名のカード	237	2
14	0	195	無名のカード	1781	2
14	0	195	無名のカード	750	2
14	0	195	無名のカード	1578	2
14	0	195	無名のカード	1704	2
14	0	195	無名のカード	1161	2
14	0	195	無名のカード	1162	2
14	0	195	無名のカード	2319	2
14	0	195	無名のカード	2350	2
14	0	195	無名のカード	3386	2
14	0	195	無名のカード	2122	2
14	0	195	無名のカード	405	2
14	0	195	無名のカード	79	2
14	0	195	無名のカード	2254	2
14	0	195	無名のカード	2310	2
14	0	195	無名のカード	717	2
14	0	195	無名のカード	414	2
14	0	195	無名のカード	962	2
14	0	195	無名のカード	281	2
14	0	195	無名のカード	288	2
14	0	195	無名のカード	1231	2
14	0	195	無名のカード	1232	2
14	0	195	無名のカード	1155	2
14	0	195	無名のカード	36	2
14	0	195	無名のカード	1177	2
14	0	195	無名のカード	828	2
14	0	195	無名のカード	306	2
14	0	195	無名のカード	1005	2
14	0	195	無名のカード	1233	2
14	0	195	無名のカード	1156	2
14	0	195	無名のカード	231	2
14	0	195	無名のカード	433	2
14	0	195	無名のカード	3273	2
14	0	195	無名のカード	1828	2
14	0	195	無名のカード	2124	2
14	0	195	無名のカード	241	2
14	0	195	無名のカード	1432	2
14	0	195	無名のカード	1716	2
14	0	195	無名のカード	2581	2
14	0	195	無名のカード	574	2
14	0	195	無名のカード	1499	2
14	0	195	無名のカード	1148	2
14	0	195	無名のカード	1709	2
14	0	195	無名のカード	934	2
14	0	195	無名のカード	85	2
14	0	195	無名のカード	925	2
14	0	195	無名のカード	3390	2
14	0	195	無名のカード	4166	2
14	0	195	無名のカード	4167	2
14	0	195	無名のカード	1740	2
14	0	195	無名のカード	1300	2
14	0	195	無名のカード	2047	2
14	0	195	無名のカード	113	2
14	0	195	無名のカード	2312	2
14	0	195	無名のカード	2351	2
14	0	195	無名のカード	1840	2
14	0	195	無名のカード	1158	2
14	0	195	無名のカード	475	2
14	0	195	無名のカード	1569	2
14	0	195	無名のカード	261	2
14	0	195	無名のカード	167	2
14	0	195	無名のカード	625	2
14	0	195	無名のカード	487	2
14	0	195	無名のカード	2048	2
14	0	195	無名のカード	2586	2
14	0	195	無名のカード	1305	2
14	0	195	無名のカード	289	2
14	0	195	無名のカード	2641	2
14	0	195	無名のカード	639	2
14	0	195	無名のカード	2620	2
14	0	195	無名のカード	920	2
14	0	195	無名のカード	437	2
14	0	195	無名のカード	536	2
14	0	195	無名のカード	378	2
14	0	195	無名のカード	379	2
14	0	195	無名のカード	451	2
14	0	195	無名のカード	42	2
14	0	195	無名のカード	1722	2
14	0	195	無名のカード	1474	2
14	0	195	無名のカード	3274	2
14	0	195	無名のカード	1776	2
14	0	195	無名のカード	1624	2
14	0	195	無名のカード	1377	2
14	0	195	無名のカード	1839	2
14	0	195	無名のカード	1445	2
14	0	195	無名のカード	1730	2
14	0	195	無名のカード	823	2
14	0	195	無名のカード	341	2
14	0	195	無名のカード	1306	2
14	0	195	無名のカード	215	2
14	0	195	無名のカード	406	2
14	0	195	無名のカード	1178	2
14	0	195	無名のカード	275	2
14	0	195	無名のカード	145	2
14	0	195	無名のカード	865	2
14	0	195	無名のカード	94	2
14	0	195	無名のカード	545	2
14	0	195	無名のカード	407	2
14	0	195	無名のカード	1179	2
14	0	195	無名のカード	506	2
14	0	195	無名のカード	382	2
14	0	195	無名のカード	1254	2
14	0	195	無名のカード	692	2
14	0	195	無名のカード	1255	2
14	0	195	無名のカード	2612	2
14	0	195	無名のカード	1457	2
14	0	195	無名のカード	2162	2
14	0	195	無名のカード	2049	2
14	0	195	無名のカード	1256	2
14	0	195	無名のカード	980	2
14	0	195	無名のカード	359	2
14	0	195	無名のカード	967	2
14	0	195	無名のカード	663	2
14	0	195	無名のカード	1978	2
14	0	195	無名のカード	3	2
14	0	195	無名のカード	235	2
14	0	195	無名のカード	1276	2
14	0	195	無名のカード	928	2
14	0	195	無名のカード	711	2
14	0	195	無名のカード	712	2
14	0	195	無名のカード	461	2
14	0	195	無名のカード	1410	2
14	0	195	無名のカード	1302	2
14	0	195	無名のカード	1589	2
14	0	195	無名のカード	2522	2
14	0	195	無名のカード	441	2
14	0	195	無名のカード	394	2
14	0	195	無名のカード	1823	2
14	0	195	無名のカード	850	2
14	0	195	無名のカード	2335	2
14	0	195	無名のカード	1280	2
14	0	195	無名のカード	749	2
14	0	195	無名のカード	1398	2
14	0	195	無名のカード	2152	2
14	0	195	無名のカード	1514	2
14	0	195	無名のカード	3227	2
14	0	195	無名のカード	3190	2
14	0	195	無名のカード	3200	2
14	0	195	無名のカード	3173	2
14	0	195	無名のカード	3174	2
14	0	195	無名のカード	3077	2
14	0	195	無名のカード	3055	2
14	0	195	無名のカード	3228	2
14	0	195	無名のカード	3191	2
14	0	195	無名のカード	3201	2
14	0	195	無名のカード	3175	2
14	0	195	無名のカード	3176	2
14	0	195	無名のカード	3078	2
14	0	195	無名のカード	3058	2
14	0	195	無名のカード	3394	2
14	0	195	無名のカード	3275	2
14	0	195	無名のカード	4176	2
14	0	195	無名のカード	4177	2
14	0	195	無名のカード	3395	2
14	0	195	無名のカード	3159	2
14	0	195	無名のカード	3229	2
14	0	195	無名のカード	3276	2
14	0	195	無名のカード	3216	2
14	0	195	無名のカード	4178	2
14	0	195	無名のカード	4179	2
14	0	195	無名のカード	3206	2
14	0	195	無名のカード	3157	2
14	0	195	無名のカード	3230	2
14	0	195	無名のカード	3396	2
14	0	195	無名のカード	3397	2
14	0	195	無名のカード	4180	2
14	0	195	無名のカード	4181	2
14	0	195	無名のカード	3398	2
14	0	195	無名のカード	3315	2
14	0	195	無名のカード	3231	2
14	0	195	無名のカード	3399	2
14	0	195	無名のカード	3209	2
14	0	195	無名のカード	3330	2
14	0	195	無名のカード	3331	2
14	0	195	無名のカード	3080	2
14	0	195	無名のカード	3082	2
14	0	195	無名のカード	4005	2
14	0	195	無名のカード	4487	2
14	0	195	無名のカード	4006	2
14	0	195	無名のカード	4488	2
14	0	195	無名のカード	4254	2
14	0	195	無名のカード	4196	2
14	0	195	無名のカード	4197	2
14	0	195	無名のカード	4007	2
14	0	195	無名のカード	4198	2
14	0	195	無名のカード	4199	2
14	0	195	無名のカード	4200	2
14	0	195	無名のカード	4201	2
14	0	195	無名のカード	4202	2
14	0	195	無名のカード	4105	2
14	0	195	無名のカード	4008	2
14	0	195	無名のカード	4203	2
14	0	195	無名のカード	4204	2
14	0	195	無名のカード	4205	2
14	0	195	無名のカード	4206	2
14	0	195	無名のカード	4207	2
14	0	195	無名のカード	4107	2
14	0	195	無名のカード	4404	2
14	0	195	無名のカード	4406	2
14	0	195	無名のカード	4489	2
14	0	195	無名のカード	4410	2
14	0	195	無名のカード	4388	2
14	0	195	無名のカード	4389	2
14	0	195	無名のカード	4490	2
14	0	195	無名のカード	4391	2
14	0	195	無名のカード	1834	2
14	0	198	無名のカード	4374	2
14	0	198	無名のカード	4491	2
14	0	198	無名のカード	4375	2
14	0	198	無名のカード	4376	2
14	0	198	無名のカード	4492	2
14	0	199	潜在具現化鑑識	3379	1
14	0	199	無名のカード	2035	2
14	0	199	無名のカード	4362	2
14	0	199	無名のカード	4373	2
14	0	199	無名のカード	4363	2
14	0	199	無名のカード	4364	2
14	0	202	無名のカード	1016	2
14	0	202	無名のカード	2925	2
14	0	202	無名のカード	4493	2
14	0	202	無名のカード	4494	2
14	0	202	無名のカード	4495	2
14	0	202	無名のカード	2546	2
14	0	202	無名のカード	2547	2
14	0	202	無名のカード	3537	2
14	0	202	無名のカード	231	2
14	0	202	無名のカード	2550	2
14	0	202	無名のカード	3665	2
14	0	202	無名のカード	2770	2
14	0	202	無名のカード	3666	2
14	0	202	無名のカード	4496	2
14	0	202	無名のカード	4497	2
14	0	202	無名のカード	4498	2
14	0	202	無名のカード	4499	2
14	0	202	無名のカード	4500	2
14	0	202	無名のカード	1705	2
14	0	202	無名のカード	2334	2
14	0	202	無名のカード	2031	2
14	0	202	無名のカード	3188	2
14	0	202	無名のカード	4501	2
14	0	202	無名のカード	3978	2
14	0	202	無名のカード	3058	2
14	0	202	無名のカード	3212	2
14	0	202	無名のカード	3213	2
14	0	202	無名のカード	3366	2
14	0	202	無名のカード	4502	2
14	0	202	無名のカード	3068	2
14	0	202	無名のカード	3670	2
14	0	202	無名のカード	4112	2
14	0	202	無名のカード	4354	2
14	0	202	無名のカード	4355	2
14	0	203	攻撃しないやつ下さい	4503	1
14	0	203	無名のカード	1019	2
14	0	203	無名のカード	2819	2
14	0	203	無名のカード	1346	2
14	0	203	無名のカード	2816	2
14	0	203	無名のカード	3799	2
14	0	203	無名のカード	2229	2
14	0	203	無名のカード	2230	2
14	0	203	無名のカード	3185	2
14	0	203	無名のカード	2926	2
14	0	203	無名のカード	2708	2
14	0	203	無名のカード	2235	2
14	0	203	無名のカード	2236	2
14	0	203	無名のカード	2710	2
14	0	203	無名のカード	2237	2
14	0	203	無名のカード	4388	2
14	0	203	無名のカード	4389	2
14	0	204	無名のカード	6	2
14	0	204	無名のカード	9	2
14	0	204	無名のカード	7	2
14	0	204	無名のカード	184	2
14	0	204	無名のカード	131	2
14	0	204	無名のカード	338	2
14	0	204	無名のカード	285	2
14	0	204	無名のカード	1694	2
14	0	204	無名のカード	1695	2
14	0	204	無名のカード	789	2
14	0	204	無名のカード	81	2
14	0	204	無名のカード	29	2
14	0	204	無名のカード	1363	2
14	0	204	無名のカード	1668	2
14	0	204	無名のカード	1669	2
14	0	204	無名のカード	375	2
14	0	204	無名のカード	1766	2
14	0	204	無名のカード	1767	2
14	0	204	無名のカード	1572	2
14	0	204	無名のカード	1928	2
14	0	204	無名のカード	710	2
14	0	204	無名のカード	147	2
14	0	204	無名のカード	1929	2
14	0	204	無名のカード	132	2
14	0	204	無名のカード	966	2
14	0	204	無名のカード	1573	2
14	0	204	無名のカード	479	2
14	0	204	無名のカード	48	2
14	0	204	無名のカード	1574	2
14	0	204	無名のカード	4504	2
14	0	204	無名のカード	4505	2
14	0	204	無名のカード	1944	2
14	0	204	無名のカード	914	2
14	0	204	無名のカード	1930	2
14	0	204	無名のカード	1216	2
14	0	204	無名のカード	1274	2
14	0	204	無名のカード	2065	2
14	0	204	無名のカード	95	2
14	0	204	無名のカード	1202	2
14	0	204	無名のカード	595	2
14	0	204	無名のカード	1576	2
14	0	204	無名のカード	1015	2
14	0	204	無名のカード	603	2
14	0	204	無名のカード	701	2
14	0	204	無名のカード	648	2
14	0	204	無名のカード	4506	2
14	0	204	無名のカード	4507	2
14	0	204	無名のカード	1147	2
14	0	204	無名のカード	532	2
14	0	204	無名のカード	282	2
14	0	204	無名のカード	31	2
14	0	204	無名のカード	1931	2
14	0	204	無名のカード	1396	2
14	0	204	無名のカード	1923	2
14	0	204	無名のカード	2066	2
14	0	204	無名のカード	2067	2
14	0	204	無名のカード	1266	2
14	0	204	無名のカード	619	2
14	0	204	無名のカード	620	2
14	0	204	無名のカード	11	2
14	0	204	無名のカード	192	2
14	0	204	無名のカード	957	2
14	0	204	無名のカード	140	2
14	0	204	無名のカード	72	2
14	0	204	無名のカード	313	2
14	0	204	無名のカード	2933	2
14	0	204	無名のカード	217	2
14	0	204	無名のカード	1490	2
14	0	204	無名のカード	1491	2
14	0	204	無名のカード	1662	2
14	0	204	無名のカード	582	2
14	0	204	無名のカード	183	2
14	0	204	無名のカード	511	2
14	0	204	無名のカード	1525	2
14	0	204	無名のカード	1510	2
14	0	204	無名のカード	239	2
14	0	204	無名のカード	873	2
14	0	204	無名のカード	110	2
14	0	204	無名のカード	998	2
14	0	204	無名のカード	874	2
14	0	204	無名のカード	766	2
14	0	204	無名のカード	22	2
14	0	204	無名のカード	1244	2
14	0	204	無名のカード	1825	2
14	0	204	無名のカード	2102	2
14	0	204	無名のカード	354	2
14	0	204	無名のカード	3288	2
14	0	204	無名のカード	2370	2
14	0	204	無名のカード	1429	2
14	0	204	無名のカード	734	2
14	0	204	無名のカード	3702	2
14	0	204	無名のカード	1110	2
14	0	204	無名のカード	972	2
14	0	204	無名のカード	2082	2
14	0	204	無名のカード	346	2
14	0	204	無名のカード	839	2
14	0	204	無名のカード	840	2
14	0	204	無名のカード	669	2
14	0	204	無名のカード	2075	2
14	0	204	無名のカード	228	2
14	0	204	無名のカード	670	2
14	0	204	無名のカード	2173	2
14	0	204	無名のカード	434	2
14	0	204	無名のカード	1324	2
14	0	204	無名のカード	100	2
14	0	204	無名のカード	841	2
14	0	204	無名のカード	842	2
14	0	204	無名のカード	1364	2
14	0	204	無名のカード	992	2
14	0	204	無名のカード	234	2
14	0	204	無名のカード	1372	2
14	0	204	無名のカード	1633	2
14	0	204	無名のカード	1318	2
14	0	204	無名のカード	577	2
14	0	204	無名のカード	896	2
14	0	204	無名のカード	672	2
14	0	204	無名のカード	279	2
14	0	204	無名のカード	970	2
14	0	204	無名のカード	971	2
14	0	204	無名のカード	578	2
14	0	204	無名のカード	743	2
14	0	204	無名のカード	864	2
14	0	204	無名のカード	1841	2
14	0	204	無名のカード	790	2
14	0	204	無名のカード	2076	2
14	0	204	無名のカード	277	2
14	0	204	無名のカード	1365	2
14	0	204	無名のカード	1933	2
14	0	204	無名のカード	233	2
14	0	204	無名のカード	99	2
14	0	204	無名のカード	1184	2
14	0	204	無名のカード	1151	2
14	0	204	無名のカード	811	2
14	0	204	無名のカード	675	2
14	0	204	無名のカード	1934	2
14	0	204	無名のカード	2221	2
14	0	204	無名のカード	1127	2
14	0	204	無名のカード	1935	2
14	0	204	無名のカード	512	2
14	0	204	無名のカード	1936	2
14	0	204	無名のカード	1937	2
14	0	204	無名のカード	1157	2
14	0	204	無名のカード	728	2
14	0	204	無名のカード	1938	2
14	0	204	無名のカード	657	2
14	0	204	無名のカード	927	2
14	0	204	無名のカード	697	2
14	0	204	無名のカード	44	2
14	0	204	無名のカード	1462	2
14	0	204	無名のカード	2214	2
14	0	204	無名のカード	1945	2
14	0	204	無名のカード	2493	2
14	0	204	無名のカード	1219	2
14	0	204	無名のカード	1535	2
14	0	204	無名のカード	643	2
14	0	204	無名のカード	2494	2
14	0	204	無名のカード	39	2
14	0	204	無名のカード	1000	2
14	0	204	無名のカード	2077	2
14	0	204	無名のカード	671	2
14	0	204	無名のカード	2078	2
14	0	204	無名のカード	1369	2
14	0	204	無名のカード	1466	2
14	0	204	無名のカード	2256	2
14	0	204	無名のカード	988	2
14	0	204	無名のカード	1405	2
14	0	204	無名のカード	1941	2
14	0	204	無名のカード	1942	2
14	0	204	無名のカード	439	2
14	0	204	無名のカード	1546	2
14	0	204	無名のカード	1547	2
14	0	204	無名のカード	409	2
14	0	204	無名のカード	1548	2
14	0	204	無名のカード	1549	2
14	0	204	無名のカード	1275	2
14	0	204	無名のカード	299	2
14	0	204	無名のカード	1658	2
14	0	204	無名のカード	812	2
14	0	204	無名のカード	1486	2
14	0	204	無名のカード	1447	2
14	0	204	無名のカード	862	2
14	0	204	無名のカード	1123	2
14	0	204	無名のカード	1775	2
14	0	204	無名のカード	196	2
14	0	204	無名のカード	96	2
14	0	204	無名のカード	97	2
14	0	204	無名のカード	1452	2
14	0	204	無名のカード	2497	2
14	0	204	無名のカード	787	2
14	0	204	無名のカード	466	2
14	0	204	無名のカード	1323	2
14	0	204	無名のカード	871	2
14	0	204	無名のカード	1453	2
14	0	204	無名のカード	98	2
14	0	204	無名のカード	1496	2
14	0	204	無名のカード	613	2
14	0	204	無名のカード	565	2
14	0	204	無名のカード	566	2
14	0	204	無名のカード	1096	2
14	0	204	無名のカード	1711	2
14	0	204	無名のカード	1712	2
14	0	204	無名のカード	347	2
14	0	204	無名のカード	400	2
14	0	204	無名のカード	1443	2
14	0	204	無名のカード	51	2
14	0	204	無名のカード	752	2
14	0	204	無名のカード	1550	2
14	0	204	無名のカード	311	2
14	0	204	無名のカード	1279	2
14	0	204	無名のカード	163	2
14	0	204	無名のカード	2038	2
14	0	204	無名のカード	45	2
14	0	204	無名のカード	420	2
14	0	204	無名のカード	1595	2
14	0	204	無名のカード	2039	2
14	0	204	無名のカード	424	2
14	0	204	無名のカード	467	2
14	0	204	無名のカード	468	2
14	0	204	無名のカード	211	2
14	0	204	無名のカード	213	2
14	0	204	無名のカード	2146	2
14	0	204	無名のカード	1789	2
14	0	204	無名のカード	1222	2
14	0	204	無名のカード	1918	2
14	0	204	無名のカード	116	2
14	0	204	無名のカード	453	2
14	0	204	無名のカード	270	2
14	0	204	無名のカード	1946	2
14	0	204	無名のカード	2222	2
14	0	204	無名のカード	1947	2
14	0	204	無名のカード	2223	2
14	0	204	無名のカード	634	2
14	0	204	無名のカード	984	2
14	0	204	無名のカード	2948	2
14	0	204	無名のカード	518	2
14	0	204	無名のカード	3523	2
14	0	204	無名のカード	3524	2
14	0	204	無名のカード	958	2
14	0	204	無名のカード	3525	2
14	0	204	無名のカード	297	2
14	0	204	無名のカード	985	2
14	0	204	無名のカード	2680	2
14	0	204	無名のカード	1948	2
14	0	204	無名のカード	398	2
14	0	204	無名のカード	791	2
14	0	204	無名のカード	17	2
14	0	204	無名のカード	1949	2
14	0	204	無名のカード	968	2
14	0	204	無名のカード	1816	2
14	0	204	無名のカード	2326	2
14	0	204	無名のカード	2760	2
14	0	204	無名のカード	1586	2
14	0	204	無名のカード	1794	2
14	0	204	無名のカード	727	2
14	0	204	無名のカード	2327	2
14	0	204	無名のカード	2761	2
14	0	204	無名のカード	1587	2
14	0	204	無名のカード	2427	2
14	0	204	無名のカード	208	2
14	0	204	無名のカード	112	2
14	0	204	無名のカード	1697	2
14	0	204	無名のカード	2498	2
14	0	204	無名のカード	1752	2
14	0	204	無名のカード	1506	2
14	0	204	無名のカード	785	2
14	0	204	無名のカード	1843	2
14	0	204	無名のカード	2050	2
14	0	204	無名のカード	580	2
14	0	204	無名のカード	3794	2
14	0	204	無名のカード	883	2
14	0	204	無名のカード	3901	2
14	0	204	無名のカード	1585	2
14	0	204	無名のカード	3795	2
14	0	204	無名のカード	3796	2
14	0	204	無名のカード	1821	2
14	0	204	無名のカード	3902	2
14	0	204	無名のカード	2499	2
14	0	204	無名のカード	415	2
14	0	204	無名のカード	3435	2
14	0	204	無名のカード	3527	2
14	0	204	無名のカード	4508	2
14	0	204	無名のカード	2215	2
14	0	204	無名のカード	4509	2
14	0	204	無名のカード	3296	2
14	0	204	無名のカード	3085	2
14	0	204	無名のカード	3750	2
14	0	204	無名のカード	3751	2
14	0	204	無名のカード	3008	2
14	0	204	無名のカード	3023	2
14	0	204	無名のカード	3024	2
14	0	204	無名のカード	3009	2
14	0	204	無名のカード	3026	2
14	0	204	無名のカード	3027	2
14	0	204	無名のカード	3011	2
14	0	204	無名のカード	3224	2
14	0	204	無名のカード	3461	2
14	0	204	無名のカード	3462	2
14	0	204	無名のカード	3278	2
14	0	204	無名のカード	3102	2
14	0	204	無名のカード	3103	2
14	0	204	無名のカード	3012	2
14	0	204	無名のカード	3029	2
14	0	204	無名のカード	3030	2
14	0	204	無名のカード	3022	2
14	0	204	無名のカード	3106	2
14	0	204	無名のカード	3107	2
14	0	204	無名のカード	3013	2
14	0	204	無名のカード	3032	2
14	0	204	無名のカード	3033	2
14	0	204	無名のカード	3014	2
14	0	204	無名のカード	3035	2
14	0	204	無名のカード	3036	2
14	0	204	無名のカード	4354	2
14	0	204	無名のカード	4381	2
14	0	209	黒点	3870	1
14	0	209	無名のカード	1016	2
14	0	209	無名のカード	4117	2
14	0	209	無名のカード	2187	2
14	0	209	無名のカード	1871	2
14	0	209	無名のカード	3413	2
14	0	209	無名のカード	4510	2
14	0	209	無名のカード	4511	2
14	0	209	無名のカード	4512	2
14	0	209	無名のカード	231	2
14	0	209	無名のカード	4513	2
14	0	209	無名のカード	2550	2
14	0	209	無名のカード	3553	2
14	0	209	無名のカード	2808	2
14	0	209	無名のカード	3665	2
14	0	209	無名のカード	2770	2
14	0	209	無名のカード	4514	2
14	0	209	無名のカード	3666	2
14	0	209	無名のカード	2200	2
14	0	209	無名のカード	4515	2
14	0	209	無名のカード	3652	2
14	0	209	無名のカード	3128	2
14	0	209	無名のカード	1905	2
14	0	209	無名のカード	3674	2
14	0	209	無名のカード	4516	2
14	0	209	無名のカード	3675	2
14	0	209	無名のカード	1811	2
14	0	209	無名のカード	2334	2
14	0	209	無名のカード	1463	2
14	0	209	無名のカード	3676	2
14	0	209	無名のカード	1997	2
14	0	209	無名のカード	3188	2
14	0	209	無名のカード	4394	2
14	0	209	無名のカード	4517	2
14	0	209	無名のカード	2672	2
14	0	209	無名のカード	3818	2
14	0	209	無名のカード	3058	2
14	0	209	無名のカード	4518	2
14	0	209	無名のカード	3212	2
14	0	209	無名のカード	4519	2
14	0	209	無名のカード	3158	2
14	0	209	無名のカード	3213	2
14	0	209	無名のカード	4520	2
14	0	209	無名のカード	4521	2
14	0	209	無名のカード	3601	2
14	0	209	無名のカード	3068	2
14	0	209	無名のカード	3670	2
14	0	209	無名のカード	4522	2
14	0	209	無名のカード	4523	2
14	0	209	無名のカード	4524	2
14	0	209	無名のカード	4525	2
14	0	209	無名のカード	4361	2
14	0	209	無名のカード	4462	2
14	0	209	無名のカード	4526	2
14	0	209	無名のカード	4354	2
14	0	209	無名のカード	4355	2
14	0	210	無名のカード	2307	2
14	0	211	無名のカード	1334	2
14	0	211	無名のカード	1333	2
14	0	211	無名のカード	1701	2
14	0	211	無名のカード	2276	2
14	0	211	無名のカード	2526	2
14	0	211	無名のカード	2805	2
14	0	211	無名のカード	1602	2
14	0	211	無名のカード	2357	2
14	0	211	無名のカード	2304	2
14	0	211	無名のカード	2594	2
14	0	211	無名のカード	1853	2
14	0	211	無名のカード	2870	2
14	0	211	無名のカード	4452	2
14	0	211	無名のカード	2609	2
14	0	211	無名のカード	1164	2
14	0	211	無名のカード	1702	2
14	0	211	無名のカード	4256	2
14	0	213	潜在具現化鑑識	4527	1
14	0	213	無名のカード	1161	2
14	0	213	無名のカード	1613	2
14	0	213	無名のカード	1162	2
14	0	213	無名のカード	2671	2
14	0	213	無名のカード	2259	2
14	0	213	無名のカード	339	2
14	0	213	無名のカード	3365	2
14	0	213	無名のカード	1952	2
14	0	213	無名のカード	4528	2
14	0	213	無名のカード	1953	2
14	0	213	無名のカード	4529	2
14	0	213	無名のカード	570	2
14	0	213	無名のカード	1557	2
14	0	213	無名のカード	622	2
14	0	213	無名のカード	2089	2
14	0	213	無名のカード	368	2
14	0	213	無名のカード	1299	2
14	0	213	無名のカード	2651	2
14	0	213	無名のカード	644	2
14	0	213	無名のカード	1731	2
14	0	213	無名のカード	1732	2
14	0	213	無名のカード	838	2
14	0	213	無名のカード	2788	2
14	0	213	無名のカード	495	2
14	0	213	無名のカード	684	2
14	0	213	無名のカード	1249	2
14	0	213	無名のカード	803	2
14	0	213	無名のカード	4354	2
14	0	213	無名のカード	4381	2
14	0	215	鴨なんば	2017	1
14	0	215	無名のカード	1810	2
14	0	215	無名のカード	4354	2
14	0	215	無名のカード	4355	2
14	0	217	無名のカード	1287	2
14	0	217	無名のカード	1288	2
14	0	217	無名のカード	1289	2
14	0	217	無名のカード	1290	2
14	0	217	無名のカード	1291	2
14	0	217	無名のカード	1292	2
14	0	217	無名のカード	1293	2
14	0	217	無名のカード	1294	2
14	0	217	無名のカード	1295	2
14	0	217	無名のカード	2649	2
14	0	217	無名のカード	2650	2
14	0	217	無名のカード	3698	2
14	0	217	無名のカード	3699	2
14	0	217	無名のカード	364	2
14	0	217	無名のカード	2518	2
14	0	217	無名のカード	975	2
14	0	217	無名のカード	976	2
14	0	217	無名のカード	1282	2
14	0	217	無名のカード	1283	2
14	0	217	無名のカード	336	2
14	0	217	無名のカード	708	2
14	0	217	無名のカード	703	2
14	0	217	無名のカード	848	2
14	0	217	無名のカード	174	2
14	0	217	無名のカード	709	2
14	0	217	無名のカード	1093	2
14	0	217	無名のカード	1131	2
14	0	217	無名のカード	1459	2
14	0	217	無名のカード	1460	2
14	0	217	無名のカード	1464	2
14	0	217	無名のカード	1449	2
14	0	217	無名のカード	1296	2
14	0	217	無名のカード	642	2
14	0	218	無名のカード	5	2
14	0	218	無名のカード	109	2
14	0	218	無名のカード	1176	2
14	0	218	無名のカード	747	2
14	0	218	無名のカード	531	2
14	0	218	無名のカード	628	2
14	0	218	無名のカード	237	2
14	0	218	無名のカード	748	2
14	0	218	無名のカード	1578	2
14	0	218	無名のカード	405	2
14	0	218	無名のカード	79	2
14	0	218	無名のカード	717	2
14	0	218	無名のカード	962	2
14	0	218	無名のカード	36	2
14	0	218	無名のカード	1177	2
14	0	218	無名のカード	85	2
14	0	218	無名のカード	1300	2
14	0	218	無名のカード	261	2
14	0	218	無名のカード	625	2
14	0	218	無名のカード	1305	2
14	0	218	無名のカード	2667	2
14	0	218	無名のカード	639	2
14	0	218	無名のカード	2818	2
14	0	218	無名のカード	2620	2
14	0	218	無名のカード	4530	2
14	0	218	無名のカード	42	2
14	0	218	無名のカード	1661	2
14	0	218	無名のカード	1839	2
14	0	218	無名のカード	3617	2
14	0	218	無名のカード	823	2
14	0	218	無名のカード	1306	2
14	0	218	無名のカード	406	2
14	0	218	無名のカード	1178	2
14	0	218	無名のカード	94	2
14	0	218	無名のカード	407	2
14	0	218	無名のカード	1179	2
14	0	218	無名のカード	980	2
14	0	218	無名のカード	355	2
14	0	218	無名のカード	41	2
14	0	218	無名のカード	391	2
14	0	218	無名のカード	601	2
14	0	218	無名のカード	1402	2
14	0	218	無名のカード	2129	2
14	0	218	無名のカード	1509	2
14	0	218	無名のカード	663	2
14	0	218	無名のカード	1973	2
14	0	218	無名のカード	711	2
14	0	218	無名のカード	712	2
14	0	218	無名のカード	461	2
14	0	218	無名のカード	61	2
14	0	218	無名のカード	243	2
14	0	218	無名のカード	1485	2
14	0	218	無名のカード	1398	2
14	0	218	無名のカード	2152	2
14	0	218	無名のカード	3002	2
14	0	218	無名のカード	3531	2
14	0	218	無名のカード	3003	2
14	0	218	無名のカード	3227	2
14	0	218	無名のカード	3055	2
14	0	218	無名のカード	3228	2
14	0	218	無名のカード	3230	2
14	0	218	無名のカード	3315	2
14	0	218	無名のカード	4005	2
14	0	218	無名のカード	3933	2
14	0	218	無名のカード	4254	2
14	0	218	無名のカード	4197	2
14	0	218	無名のカード	4007	2
14	0	218	無名のカード	4105	2
14	0	218	無名のカード	4008	2
14	0	218	無名のカード	4107	2
14	0	218	無名のカード	4404	2
14	0	218	無名のカード	4406	2
14	0	218	無名のカード	4489	2
14	0	219	水撃	1953	1
14	0	219	無名のカード	1019	2
14	0	219	無名のカード	1616	2
14	0	219	無名のカード	2819	2
14	0	219	無名のカード	4531	2
14	0	219	無名のカード	4532	2
14	0	219	無名のカード	4533	2
14	0	219	無名のカード	3590	2
14	0	219	無名のカード	1643	2
14	0	219	無名のカード	3813	2
14	0	219	無名のカード	4377	2
14	0	219	無名のカード	4513	2
14	0	219	無名のカード	2235	2
14	0	219	無名のカード	3593	2
14	0	219	無名のカード	3056	2
14	0	219	無名のカード	4534	2
14	0	219	無名のカード	4535	2
14	0	219	無名のカード	4518	2
14	0	220	無名のカード	2484	2
14	0	220	無名のカード	2896	2
14	0	220	無名のカード	4536	2
14	0	220	無名のカード	4537	2
14	0	221	無名のカード	1287	2
14	0	221	無名のカード	1288	2
14	0	221	無名のカード	1289	2
14	0	221	無名のカード	1290	2
14	0	221	無名のカード	1291	2
14	0	221	無名のカード	1292	2
14	0	221	無名のカード	1293	2
14	0	221	無名のカード	1294	2
14	0	221	無名のカード	1295	2
14	0	221	無名のカード	2849	2
14	0	221	無名のカード	2779	2
14	0	221	無名のカード	2246	2
14	0	221	無名のカード	2361	2
14	0	221	無名のカード	3424	2
14	0	221	無名のカード	3655	2
14	0	221	無名のカード	3689	2
14	0	221	無名のカード	2836	2
14	0	221	無名のカード	1406	2
14	0	221	無名のカード	1407	2
14	0	221	無名のカード	2556	2
14	0	221	無名のカード	2324	2
14	0	221	無名のカード	3695	2
14	0	221	無名のカード	3741	2
14	0	221	無名のカード	352	2
14	0	221	無名のカード	2708	2
14	0	221	無名のカード	2236	2
14	0	221	無名のカード	2710	2
14	0	221	無名のカード	4538	2
14	0	221	無名のカード	3074	2
14	0	221	無名のカード	2619	2
14	0	221	無名のカード	4539	2
14	0	221	無名のカード	3220	2
14	0	221	無名のカード	4540	2
14	0	221	無名のカード	3534	2
14	0	221	無名のカード	4450	2
14	0	221	無名のカード	4471	2
14	0	221	無名のカード	3376	2
14	0	221	無名のカード	2129	2
14	0	221	無名のカード	2171	2
14	0	221	無名のカード	1972	2
14	0	221	無名のカード	1659	2
14	0	221	無名のカード	676	2
14	0	221	無名のカード	20	2
14	0	221	無名のカード	659	2
14	0	221	無名のカード	3531	2
14	0	222	にゃーん	1862	1
14	0	222	無名のカード	1582	2
14	0	222	無名のカード	4541	2
14	0	222	無名のカード	4542	2
14	0	224	無名のカード	3484	2
14	0	224	無名のカード	4021	2
14	0	224	無名のカード	4022	2
14	0	224	無名のカード	1565	2
14	0	224	無名のカード	4543	2
14	0	227	this	4544	1
14	0	227	無名のカード	1891	2
14	0	227	無名のカード	2945	2
14	0	227	無名のカード	3636	2
14	0	227	無名のカード	4544	2
14	0	227	無名のカード	4545	2
14	0	227	無名のカード	4334	2
14	0	227	無名のカード	3092	2
14	0	227	無名のカード	3407	2
14	0	227	無名のカード	4546	2
14	0	227	無名のカード	4547	2
14	0	227	無名のカード	3253	2
14	0	227	無名のカード	2643	2
14	0	227	無名のカード	3141	2
14	0	227	無名のカード	3145	2
14	0	227	無名のカード	3937	2
14	0	231	潜在具現化鑑識	4120	1
14	0	231	無名のカード	2384	2
14	0	231	無名のカード	2385	2
14	0	231	無名のカード	2625	2
14	0	231	無名のカード	2626	2
14	0	231	無名のカード	2786	2
14	0	231	無名のカード	1796	2
14	0	231	無名のカード	1797	2
14	0	231	無名のカード	1798	2
14	0	231	無名のカード	2401	2
14	0	231	無名のカード	1503	2
14	0	231	無名のカード	1799	2
14	0	233	てへぺろ☆	4052	1
14	0	233	無名のカード	4354	2
14	0	234	■■のかけら	2042	1
14	0	234	無名のカード	807	2
14	0	234	無名のカード	751	2
14	0	234	無名のカード	808	2
14	0	234	無名のカード	218	2
14	0	234	無名のカード	551	2
14	0	234	無名のカード	292	2
14	0	234	無名のカード	1007	2
14	0	234	無名のカード	552	2
14	0	234	無名のカード	908	2
14	0	234	無名のカード	481	2
14	0	234	無名のカード	688	2
14	0	234	無名のカード	689	2
14	0	234	無名のカード	924	2
14	0	234	無名のカード	1313	2
14	0	234	無名のカード	2010	2
14	0	234	無名のカード	2830	2
14	0	234	無名のカード	2011	2
14	0	234	無名のカード	2831	2
14	0	234	無名のカード	1950	2
14	0	234	無名のカード	1951	2
14	0	234	無名のカード	2009	2
14	0	234	無名のカード	3323	2
14	0	234	無名のカード	2832	2
14	0	234	無名のカード	2243	2
14	0	234	無名のカード	2085	2
14	0	234	無名のカード	2185	2
14	0	234	無名のカード	27	2
14	0	234	無名のカード	54	2
14	0	234	無名のカード	690	2
14	0	234	無名のカード	719	2
14	0	234	無名のカード	720	2
14	0	234	無名のカード	1138	2
14	0	234	無名のカード	460	2
14	0	234	無名のカード	2775	2
14	0	234	無名のカード	1477	2
14	0	234	無名のカード	2776	2
14	0	234	無名のカード	952	2
14	0	234	無名のカード	3165	2
14	0	234	無名のカード	691	2
14	0	234	無名のカード	830	2
14	0	234	無名のカード	683	2
14	0	234	無名のカード	1567	2
14	0	234	無名のカード	4320	2
14	0	234	無名のカード	4321	2
14	0	234	無名のカード	4315	2
14	0	234	無名のカード	4317	2
14	0	235	潜在具現化鑑識	4548	1
14	0	235	無名のカード	4549	2
14	0	235	無名のカード	1927	2
14	0	235	無名のカード	2212	2
14	0	235	無名のカード	2474	2
14	0	237	無名のカード	4354	2
14	0	237	無名のカード	4355	2
14	0	237	無名のカード	4436	2
14	0	238	無名のカード	4404	2
14	0	238	無名のカード	4406	2
14	0	240	スペプルーンの苗木	2387	1
14	0	240	無名のカード	4550	2
14	0	240	無名のカード	4551	2
14	0	240	無名のカード	4552	2
14	0	240	無名のカード	2611	2
14	0	240	無名のカード	3327	2
14	0	240	無名のカード	4374	2
14	0	240	無名のカード	4375	2
14	0	240	無名のカード	4354	2
14	0	240	無名のカード	4355	2
14	0	242	潜在具現化鑑識	4553	1
14	0	242	無名のカード	2484	2
14	0	242	無名のカード	4362	2
14	0	242	無名のカード	4372	2
14	0	242	無名のカード	4373	2
14	0	242	無名のカード	4354	2
14	0	243	フラッグメイカー	4554	1
14	0	243	無名のカード	3890	2
14	0	243	無名のカード	4555	2
14	0	243	無名のカード	1884	2
14	0	243	無名のカード	2035	2
14	0	243	無名のカード	4556	2
14	0	243	無名のカード	4502	2
14	0	245	イヌザリガニ	1806	1
14	0	245	無名のカード	4557	2
14	0	245	無名のカード	4558	2
14	0	247	小火	1346	1
14	0	247	無名のカード	4559	2
14	0	248	本日のネッコ	3356	1
14	0	248	無名のカード	4560	2
14	0	248	無名のカード	4561	2
14	0	250	無名のカード	4562	2
14	0	250	無名のカード	2674	2
14	0	251	無名のカード	4354	2
14	0	251	無名のカード	4355	2
14	0	252	順応のカード	3637	1
14	0	252	無名のカード	4301	2
14	0	252	無名のカード	3787	2
14	0	252	無名のカード	2561	2
14	0	252	無名のカード	4563	2
14	0	252	無名のカード	3842	2
14	0	252	無名のカード	2651	2
14	0	252	無名のカード	1498	2
14	0	252	無名のカード	1751	2
14	0	252	無名のカード	1884	2
14	0	252	無名のカード	4354	2
14	0	252	無名のカード	4381	2
14	0	253	無名のカード	1779	2
14	0	253	無名のカード	2073	2
14	0	253	無名のカード	1780	2
14	0	253	無名のカード	2074	2
14	0	253	無名のカード	3905	2
14	0	253	無名のカード	2296	2
14	0	253	無名のカード	4404	2
14	0	253	無名のカード	4406	2
14	0	253	無名のカード	4408	2
14	0	253	無名のカード	4410	2
14	0	253	無名のカード	4362	2
14	0	253	無名のカード	4372	2
14	0	253	無名のカード	4373	2
14	0	253	無名のカード	4364	2
14	0	254	かにかにドコかに	3608	1
14	0	254	無名のカード	1016	2
14	0	254	無名のカード	109	2
14	0	254	無名のカード	2824	2
14	0	254	無名のカード	2546	2
14	0	254	無名のカード	2547	2
14	0	254	無名のカード	2825	2
14	0	254	無名のカード	3590	2
14	0	254	無名のカード	36	2
14	0	254	無名のカード	3813	2
14	0	254	無名のカード	231	2
14	0	254	無名のカード	4564	2
14	0	254	無名のカード	2808	2
14	0	254	無名のカード	3665	2
14	0	254	無名のカード	2770	2
14	0	254	無名のカード	4515	2
14	0	254	無名のカード	4498	2
14	0	254	無名のカード	4499	2
14	0	254	無名のカード	1705	2
14	0	254	無名のカード	1811	2
14	0	254	無名のカード	2334	2
14	0	254	無名のカード	2031	2
14	0	254	無名のカード	1997	2
14	0	254	無名のカード	3188	2
14	0	254	無名のカード	4501	2
14	0	254	無名のカード	4517	2
14	0	254	無名のカード	4451	2
14	0	254	無名のカード	4565	2
14	0	254	無名のカード	3593	2
14	0	254	無名のカード	3055	2
14	0	254	無名のカード	4534	2
14	0	254	無名のカード	3058	2
14	0	254	無名のカード	4566	2
14	0	254	無名のカード	3158	2
14	0	254	無名のカード	4567	2
14	0	254	無名のカード	3067	2
14	0	254	無名のカード	4568	2
14	0	254	無名のカード	3068	2
14	0	254	無名のカード	4354	2
14	0	254	無名のカード	4355	2
14	0	254	無名のカード	4381	2
14	0	255	無名のカード	2035	2
14	0	255	無名のカード	2052	2
14	0	255	無名のカード	3785	2
14	0	255	無名のカード	4569	2
14	0	256	潜在具現化鑑識	4570	1
14	0	258	フランベ	397	1
14	0	258	無名のカード	505	2
14	0	258	無名のカード	1667	2
14	0	258	無名のカード	2794	2
14	0	258	無名のカード	2613	2
14	0	258	無名のカード	2421	2
14	0	258	無名のカード	2555	2
14	0	258	無名のカード	1134	2
14	0	258	無名のカード	2136	2
14	0	258	無名のカード	1218	2
14	0	258	無名のカード	209	2
14	0	258	無名のカード	665	2
14	0	258	無名のカード	2255	2
14	0	258	無名のカード	2422	2
14	0	258	無名のカード	286	2
14	0	258	無名のカード	402	2
14	0	258	無名のカード	410	2
14	0	258	無名のカード	559	2
14	0	258	無名のカード	2141	2
14	0	258	無名のカード	1014	2
14	0	258	無名のカード	768	2
14	0	258	無名のカード	703	2
14	0	258	無名のカード	1093	2
14	0	258	無名のカード	1732	2
14	0	258	無名のカード	1160	2
14	0	258	無名のカード	838	2
14	0	258	無名のカード	1249	2
14	0	258	無名のカード	910	2
14	0	258	無名のカード	690	2
14	0	258	無名のカード	2446	2
14	0	258	無名のカード	15	2
14	0	258	無名のカード	223	2
14	0	258	無名のカード	59	2
14	0	258	無名のカード	497	2
14	0	258	無名のカード	911	2
14	0	258	無名のカード	867	2
14	0	258	無名のカード	1185	2
14	0	258	無名のカード	691	2
14	0	258	無名のカード	830	2
14	0	258	無名のカード	3131	2
14	0	258	無名のカード	3099	2
14	0	258	無名のカード	3132	2
14	0	258	無名のカード	3100	2
14	0	258	無名のカード	3134	2
14	0	258	無名のカード	4571	2
14	0	258	無名のカード	4572	2
14	0	258	無名のカード	3101	2
14	0	258	無名のカード	3135	2
14	0	258	無名のカード	3104	2
14	0	258	無名のカード	3138	2
14	0	258	無名のカード	3105	2
14	0	258	無名のカード	3499	2
14	0	258	無名のカード	3108	2
14	0	258	無名のカード	3500	2
14	0	258	無名のカード	3109	2
14	0	258	無名のカード	4314	2
14	0	258	無名のカード	4319	2
14	0	258	無名のカード	4404	2
14	0	258	無名のカード	4408	2
14	0	258	無名のカード	4410	2
14	0	258	無名のカード	4362	2
14	0	258	無名のカード	4372	2
14	0	258	無名のカード	4373	2
14	0	258	無名のカード	4364	2
14	0	258	無名のカード	4354	2
14	0	259	ポニテ闘法	1809	1
14	0	259	無名のカード	121	2
14	0	259	無名のカード	1287	2
14	0	259	無名のカード	122	2
14	0	259	無名のカード	1288	2
14	0	259	無名のカード	123	2
14	0	259	無名のカード	1289	2
14	0	259	無名のカード	124	2
14	0	259	無名のカード	1290	2
14	0	259	無名のカード	125	2
14	0	259	無名のカード	1291	2
14	0	259	無名のカード	126	2
14	0	259	無名のカード	1292	2
14	0	259	無名のカード	127	2
14	0	259	無名のカード	1293	2
14	0	259	無名のカード	128	2
14	0	259	無名のカード	1294	2
14	0	259	無名のカード	129	2
14	0	259	無名のカード	1295	2
14	0	259	無名のカード	517	2
14	0	259	無名のカード	1812	2
14	0	259	無名のカード	55	2
14	0	259	無名のカード	2849	2
14	0	259	無名のカード	250	2
14	0	259	無名のカード	2169	2
14	0	259	無名のカード	862	2
14	0	259	無名のカード	2411	2
14	0	259	無名のカード	856	2
14	0	259	無名のカード	3379	2
14	0	259	無名のカード	2134	2
14	0	259	無名のカード	3424	2
14	0	259	無名のカード	1596	2
14	0	259	無名のカード	2170	2
14	0	259	無名のカード	1452	2
14	0	259	無名のカード	2660	2
14	0	259	無名のカード	570	2
14	0	259	無名のカード	1557	2
14	0	259	無名のカード	622	2
14	0	259	無名のカード	2089	2
14	0	259	無名のカード	631	2
14	0	259	無名のカード	2640	2
14	0	259	無名のカード	490	2
14	0	259	無名のカード	3722	2
14	0	259	無名のカード	831	2
14	0	259	無名のカード	3489	2
14	0	259	無名のカード	1538	2
14	0	259	無名のカード	2949	2
14	0	259	無名のカード	1299	2
14	0	259	無名のカード	272	2
14	0	259	無名のカード	2161	2
14	0	259	無名のカード	273	2
14	0	259	無名のカード	2670	2
14	0	259	無名のカード	1171	2
14	0	259	無名のカード	2171	2
14	0	259	無名のカード	340	2
14	0	259	無名のカード	1296	2
14	0	259	無名のカード	642	2
14	0	259	無名のカード	1836	2
14	0	259	無名のカード	769	2
14	0	259	無名のカード	3047	2
14	0	259	無名のカード	3791	2
14	0	259	無名のカード	4351	2
14	0	259	無名のカード	4360	2
14	0	259	無名のカード	4353	2
14	0	259	無名のカード	4361	2
14	0	259	無名のカード	4362	2
14	0	259	無名のカード	4372	2
14	0	259	無名のカード	4373	2
14	0	259	無名のカード	4363	2
14	0	259	無名のカード	4354	2
14	0	259	無名のカード	4355	2
14	0	259	無名のカード	4381	2
14	0	259	無名のカード	4382	2
14	0	260	エッグタルト	4573	1
14	0	260	無名のカード	4574	2
14	0	260	無名のカード	3073	2
14	0	260	無名のカード	4362	2
14	0	260	無名のカード	4372	2
14	0	260	無名のカード	4363	2
14	0	260	無名のカード	4364	2
14	0	260	無名のカード	4374	2
14	0	260	無名のカード	4375	2
14	0	260	無名のカード	4575	2
14	0	260	無名のカード	4400	2
14	0	261	黒魔術のカード	4327	1
14	0	261	無名のカード	6	2
14	0	261	無名のカード	184	2
14	0	261	無名のカード	735	2
14	0	261	無名のカード	190	2
14	0	261	無名のカード	795	2
14	0	261	無名のカード	411	2
14	0	261	無名のカード	285	2
14	0	261	無名のカード	1694	2
14	0	261	無名のカード	1695	2
14	0	261	無名のカード	1386	2
14	0	261	無名のカード	1258	2
14	0	261	無名のカード	789	2
14	0	261	無名のカード	1363	2
14	0	261	無名のカード	189	2
14	0	261	無名のカード	375	2
14	0	261	無名のカード	346	2
14	0	261	無名のカード	669	2
14	0	261	無名のカード	308	2
14	0	261	無名のカード	293	2
14	0	261	無名のカード	264	2
14	0	261	無名のカード	670	2
14	0	261	無名のカード	2173	2
14	0	261	無名のカード	434	2
14	0	261	無名のカード	1324	2
14	0	261	無名のカード	457	2
14	0	261	無名のカード	1536	2
14	0	261	無名のカード	100	2
14	0	261	無名のカード	1364	2
14	0	261	無名のカード	913	2
14	0	261	無名のカード	1372	2
14	0	261	無名のカード	724	2
14	0	261	無名のカード	725	2
14	0	261	無名のカード	1320	2
14	0	261	無名のカード	3423	2
14	0	261	無名のカード	909	2
14	0	261	無名のカード	726	2
14	0	261	無名のカード	1699	2
14	0	261	無名のカード	366	2
14	0	261	無名のカード	1451	2
14	0	261	無名のカード	1388	2
14	0	261	無名のカード	1375	2
14	0	261	無名のカード	1497	2
14	0	261	無名のカード	296	2
14	0	261	無名のカード	3306	2
14	0	261	無名のカード	1473	2
14	0	261	無名のカード	1961	2
14	0	261	無名のカード	702	2
14	0	261	無名のカード	2153	2
14	0	261	無名のカード	1646	2
14	0	261	無名のカード	640	2
14	0	261	無名のカード	1963	2
14	0	261	無名のカード	1502	2
14	0	261	無名のカード	16	2
14	0	261	無名のカード	1545	2
14	0	261	無名のカード	431	2
14	0	261	無名のカード	1448	2
14	0	261	無名のカード	130	2
14	0	261	無名のカード	1562	2
14	0	261	無名のカード	2151	2
14	0	261	無名のカード	2028	2
14	0	261	無名のカード	647	2
14	0	261	無名のカード	898	2
14	0	261	無名のカード	2963	2
14	0	261	無名のカード	408	2
14	0	261	無名のカード	2964	2
14	0	261	無名のカード	899	2
14	0	261	無名のカード	149	2
14	0	261	無名のカード	1487	2
14	0	261	無名のカード	1384	2
14	0	261	無名のカード	2029	2
14	0	261	無名のカード	1788	2
14	0	261	無名のカード	2311	2
14	0	261	無名のカード	2159	2
14	0	261	無名のカード	989	2
14	0	261	無名のカード	238	2
14	0	261	無名のカード	577	2
14	0	261	無名のカード	279	2
14	0	261	無名のカード	1622	2
14	0	261	無名のカード	805	2
14	0	261	無名のカード	193	2
14	0	261	無名のカード	578	2
14	0	261	無名のカード	743	2
14	0	261	無名のカード	864	2
14	0	261	無名のカード	4576	2
14	0	261	無名のカード	1841	2
14	0	261	無名のカード	4147	2
14	0	261	無名のカード	1303	2
14	0	261	無名のカード	2064	2
14	0	261	無名のカード	790	2
14	0	261	無名のカード	1365	2
14	0	261	無名のカード	1803	2
14	0	261	無名のカード	99	2
14	0	261	無名のカード	39	2
14	0	261	無名のカード	671	2
14	0	261	無名のカード	1124	2
14	0	261	無名のカード	736	2
14	0	261	無名のカード	2496	2
14	0	261	無名のカード	471	2
14	0	261	無名のカード	1623	2
14	0	261	無名のカード	1466	2
14	0	261	無名のカード	3789	2
14	0	261	無名のカード	4577	2
14	0	261	無名のカード	4578	2
14	0	261	無名のカード	1926	2
14	0	261	無名のカード	439	2
14	0	261	無名のカード	1546	2
14	0	261	無名のカード	1547	2
14	0	261	無名のカード	1389	2
14	0	261	無名のカード	900	2
14	0	261	無名のカード	409	2
14	0	261	無名のカード	1548	2
14	0	261	無名のカード	1549	2
14	0	261	無名のカード	668	2
14	0	261	無名のカード	1260	2
14	0	261	無名のカード	1275	2
14	0	261	無名のカード	299	2
14	0	261	無名のカード	1658	2
14	0	261	無名のカード	612	2
14	0	261	無名のカード	2160	2
14	0	261	無名のカード	812	2
14	0	261	無名のカード	1486	2
14	0	261	無名のカード	1447	2
14	0	261	無名のカード	1530	2
14	0	261	無名のカード	2030	2
14	0	261	無名のカード	862	2
14	0	261	無名のカード	196	2
14	0	261	無名のカード	1452	2
14	0	261	無名のカード	466	2
14	0	261	無名のカード	1453	2
14	0	261	無名のカード	1989	2
14	0	261	無名のカード	2850	2
14	0	261	無名のカード	1401	2
14	0	261	無名のカード	2410	2
14	0	261	無名のカード	2787	2
14	0	261	無名のカード	1676	2
14	0	261	無名のカード	1677	2
14	0	261	無名のカード	2514	2
14	0	261	無名のカード	1661	2
14	0	261	無名のカード	1454	2
14	0	261	無名のカード	1478	2
14	0	261	無名のカード	1629	2
14	0	261	無名のカード	1096	2
14	0	261	無名のカード	347	2
14	0	261	無名のカード	400	2
14	0	261	無名のカード	1443	2
14	0	261	無名のカード	1550	2
14	0	261	無名のカード	2301	2
14	0	261	無名のカード	420	2
14	0	261	無名のカード	467	2
14	0	261	無名のカード	468	2
14	0	261	無名のカード	211	2
14	0	261	無名のカード	1393	2
14	0	261	無名のカード	1394	2
14	0	261	無名のカード	1261	2
14	0	261	無名のカード	1262	2
14	0	261	無名のカード	863	2
14	0	261	無名のカード	116	2
14	0	261	無名のカード	2158	2
14	0	261	無名のカード	453	2
14	0	261	無名のカード	270	2
14	0	261	無名のカード	358	2
14	0	261	無名のカード	3	2
14	0	261	無名のカード	235	2
14	0	261	無名のカード	768	2
14	0	261	無名のカード	1276	2
14	0	261	無名のカード	928	2
14	0	261	無名のカード	711	2
14	0	261	無名のカード	712	2
14	0	261	無名のカード	1409	2
14	0	261	無名のカード	461	2
14	0	261	無名のカード	1410	2
14	0	261	無名のカード	644	2
14	0	261	無名のカード	1731	2
14	0	261	無名のカード	1732	2
14	0	261	無名のカード	583	2
14	0	261	無名のカード	1733	2
14	0	261	無名のカード	1696	2
14	0	261	無名のカード	1892	2
14	0	261	無名のカード	3085	2
14	0	261	無名のカード	3199	2
14	0	261	無名のカード	3304	2
14	0	261	無名のカード	3454	2
14	0	261	無名のカード	4101	2
14	0	261	無名のカード	3361	2
14	0	261	無名のカード	3305	2
14	0	261	無名のカード	3202	2
14	0	261	無名のカード	3333	2
14	0	261	無名のカード	3335	2
14	0	261	無名のカード	3203	2
14	0	261	無名のカード	3204	2
14	0	261	無名のカード	3205	2
14	0	261	無名のカード	3455	2
14	0	261	無名のカード	3445	2
14	0	261	無名のカード	3208	2
14	0	261	無名のカード	3008	2
14	0	261	無名のカード	3009	2
14	0	261	無名のカード	3010	2
14	0	261	無名のカード	3121	2
14	0	261	無名のカード	3051	2
14	0	261	無名のカード	3011	2
14	0	261	無名のカード	3224	2
14	0	261	無名のカード	3461	2
14	0	261	無名のカード	4579	2
14	0	261	無名のカード	3462	2
14	0	261	無名のカード	4580	2
14	0	261	無名のカード	3463	2
14	0	261	無名のカード	3363	2
14	0	261	無名のカード	3278	2
14	0	261	無名のカード	3012	2
14	0	261	無名のカード	3127	2
14	0	261	無名のカード	3022	2
14	0	261	無名のカード	3792	2
14	0	261	無名のカード	4102	2
14	0	261	無名のカード	3013	2
14	0	261	無名のカード	3014	2
14	0	261	無名のカード	3926	2
14	0	261	無名のカード	3858	2
14	0	261	無名のカード	3929	2
14	0	261	無名のカード	4269	2
14	0	261	無名のカード	4104	2
14	0	261	無名のカード	4106	2
14	0	261	無名のカード	3932	2
14	0	261	無名のカード	4351	2
14	0	261	無名のカード	4360	2
14	0	261	無名のカード	4361	2
14	0	261	無名のカード	4581	2
14	0	261	無名のカード	4582	2
14	0	261	無名のカード	4583	2
14	0	261	無名のカード	4584	2
14	0	261	無名のカード	4585	2
14	0	261	無名のカード	4586	2
14	0	261	無名のカード	4462	2
14	0	261	無名のカード	4388	2
14	0	261	無名のカード	4389	2
14	0	261	無名のカード	4390	2
14	0	261	無名のカード	4490	2
14	0	261	無名のカード	4391	2
14	0	261	無名のカード	4354	2
14	0	261	無名のカード	4381	2
14	0	261	無名のカード	1834	2
14	0	262	がんばって作ったカード	4146	1
14	0	262	無名のカード	2303	2
14	0	262	無名のカード	1900	2
14	0	262	無名のカード	1602	2
14	0	262	無名のカード	2997	2
14	0	262	無名のカード	2696	2
14	0	262	無名のカード	3007	2
14	0	262	無名のカード	4354	2
14	0	265	無名のカード	2	2
14	0	265	無名のカード	792	2
14	0	265	無名のカード	793	2
14	0	265	無名のカード	884	2
14	0	265	無名のカード	1265	2
14	0	265	無名のカード	82	2
14	0	265	無名のカード	70	2
14	0	265	無名のカード	716	2
14	0	265	無名のカード	496	2
14	0	265	無名のカード	2628	2
14	0	265	無名のカード	2113	2
14	0	265	無名のカード	4354	2
14	0	265	無名のカード	4355	2
14	0	265	無名のカード	4436	2
14	0	270	シャンタール	2233	1
14	0	270	無名のカード	1737	2
14	0	270	無名のカード	2928	2
14	0	270	無名のカード	652	2
14	0	270	無名のカード	2155	2
14	0	270	無名のカード	2002	2
14	0	270	無名のカード	2929	2
14	0	270	無名のカード	1317	2
14	0	270	無名のカード	2769	2
14	0	270	無名のカード	63	2
14	0	270	無名のカード	2930	2
14	0	270	無名のカード	1122	2
14	0	270	無名のカード	2157	2
14	0	270	無名のカード	2003	2
14	0	270	無名のカード	2931	2
14	0	270	無名のカード	767	2
14	0	270	無名のカード	2531	2
14	0	270	無名のカード	445	2
14	0	270	無名のカード	2810	2
14	0	270	無名のカード	133	2
14	0	270	無名のカード	2303	2
14	0	270	無名のカード	416	2
14	0	270	無名のカード	921	2
14	0	270	無名のカード	2811	2
14	0	270	無名のカード	2005	2
14	0	270	無名のカード	2812	2
14	0	270	無名のカード	417	2
14	0	270	無名のカード	1230	2
14	0	270	無名のカード	418	2
14	0	270	無名のカード	1441	2
14	0	270	無名のカード	995	2
14	0	270	無名のカード	2813	2
14	0	270	無名のカード	151	2
14	0	270	無名のカード	2521	2
14	0	270	無名のカード	2006	2
14	0	270	無名のカード	967	2
14	0	270	無名のカード	2420	2
14	0	270	無名のカード	1302	2
14	0	270	無名のカード	1589	2
14	0	270	無名のカード	2522	2
14	0	270	無名のカード	3850	2
14	0	270	無名のカード	3851	2
14	0	270	無名のカード	3853	2
14	0	270	無名のカード	4235	2
14	0	271	インデンニサシオン	4587	1
14	0	271	無名のカード	1338	2
14	0	271	無名のカード	4588	2
14	0	271	無名のカード	4589	2
14	0	271	無名のカード	3752	2
14	0	272	今日の一枚	4590	1
14	0	272	無名のカード	4591	2
14	0	272	無名のカード	3477	2
14	0	272	無名のカード	1927	2
14	0	272	無名のカード	2212	2
14	0	276	脱皮殻	4592	1
14	0	276	無名のカード	1913	2
14	0	276	無名のカード	3741	2
14	0	276	無名のカード	1664	2
14	0	276	無名のカード	1796	2
14	0	276	無名のカード	1797	2
14	0	278	十四番目の針	4593	1
14	0	278	無名のカード	821	2
14	0	278	無名のカード	515	2
14	0	278	無名のカード	2651	2
14	0	278	無名のカード	1815	2
14	0	278	無名のカード	432	2
14	0	278	無名のカード	585	2
14	0	278	無名のカード	586	2
14	0	278	無名のカード	2807	2
14	0	278	無名のカード	1174	2
14	0	284	無名のカード	4404	2
14	0	284	無名のカード	4406	2
14	0	284	無名のカード	4410	2
14	0	284	無名のカード	4354	2
14	0	284	無名のカード	4381	2
14	0	285	無名のカード	2780	2
14	0	285	無名のカード	2981	2
14	0	286	にゃーん	2818	1
14	0	286	無名のカード	4594	2
14	0	287	無名のカード	2889	2
14	0	287	無名のカード	1593	2
14	0	287	無名のカード	1349	2
14	0	287	無名のカード	1334	2
14	0	287	無名のカード	1582	2
14	0	287	無名のカード	1333	2
14	0	287	無名のカード	2199	2
14	0	287	無名のカード	1701	2
14	0	287	無名のカード	1594	2
14	0	287	無名のカード	2509	2
14	0	287	無名のカード	2226	2
14	0	287	無名のカード	2276	2
14	0	287	無名のカード	2227	2
14	0	287	無名のカード	2526	2
14	0	287	無名のカード	2485	2
14	0	287	無名のカード	2805	2
14	0	287	無名のカード	2188	2
14	0	287	無名のカード	4356	2
14	0	287	無名のカード	2356	2
14	0	287	無名のカード	2357	2
14	0	287	無名のカード	2358	2
14	0	287	無名のカード	2594	2
14	0	287	無名のカード	2869	2
14	0	287	無名のカード	2870	2
14	0	287	無名のカード	3417	2
14	0	287	無名のカード	3708	2
14	0	287	無名のカード	4256	2
14	0	287	無名のカード	3914	2
14	0	287	無名のカード	2654	2
14	0	287	無名のカード	3282	2
14	0	287	無名のカード	4335	2
14	0	288	ラベンダーのカード	1480	1
14	0	288	無名のカード	4595	2
14	0	288	無名のカード	3752	2
14	0	288	無名のカード	1884	2
14	0	288	無名のカード	1909	2
14	0	288	無名のカード	2409	2
14	0	290	無名のカード	1282	2
14	0	290	無名のカード	1283	2
14	0	290	無名のカード	1334	2
14	0	290	無名のカード	1333	2
14	0	290	無名のカード	2276	2
14	0	290	無名のカード	2526	2
14	0	290	無名のカード	2357	2
14	0	290	無名のカード	2594	2
14	0	290	無名のカード	3096	2
14	0	290	無名のカード	432	2
14	0	290	無名のカード	585	2
14	0	290	無名のカード	1164	2
14	0	290	無名のカード	2807	2
14	0	290	無名のカード	1750	2
14	0	296	フラメンコのステップ	2935	1
14	0	296	無名のカード	102	2
14	0	296	無名のカード	2354	2
14	0	296	無名のカード	268	2
14	0	296	無名のカード	2346	2
14	0	296	無名のカード	1137	2
14	0	296	無名のカード	2525	2
14	0	296	無名のカード	515	2
14	0	296	無名のカード	2574	2
14	0	296	無名のカード	371	2
14	0	296	無名のカード	2276	2
14	0	296	無名のカード	733	2
14	0	296	無名のカード	2526	2
14	0	296	無名のカード	1268	2
14	0	296	無名のカード	2805	2
14	0	296	無名のカード	90	2
14	0	296	無名のカード	4356	2
14	0	296	無名のカード	932	2
14	0	296	無名のカード	3062	2
14	0	296	無名のカード	1975	2
14	0	296	無名のカード	3063	2
14	0	296	無名のカード	432	2
14	0	296	無名のカード	585	2
14	0	296	無名のカード	586	2
14	0	296	無名のカード	902	2
14	0	296	無名のカード	2046	2
14	0	296	無名のカード	1174	2
14	0	296	無名のカード	2558	2
14	0	299	送火	3308	1
14	0	299	無名のカード	4591	2
14	0	299	無名のカード	4596	2
14	0	299	無名のカード	4223	2
14	0	299	無名のカード	3477	2
14	0	299	無名のカード	2212	2
14	0	299	無名のカード	2474	2
14	0	299	無名のカード	4354	2
14	0	300	潜在具現化鑑識	3713	1
14	0	300	無名のカード	4	2
14	0	300	無名のカード	328	2
14	0	300	無名のカード	1386	2
14	0	300	無名のカード	1476	2
14	0	300	無名のカード	857	2
14	0	300	無名のカード	1112	2
14	0	300	無名のカード	1113	2
14	0	300	無名のカード	1388	2
14	0	300	無名のカード	2325	2
14	0	300	無名のカード	1957	2
14	0	300	無名のカード	1961	2
14	0	300	無名のカード	330	2
14	0	300	無名のカード	702	2
14	0	300	無名のカード	700	2
14	0	300	無名のカード	1963	2
14	0	300	無名のカード	431	2
14	0	300	無名のカード	1562	2
14	0	300	無名のカード	1234	2
14	0	300	無名のカード	2028	2
14	0	300	無名のカード	1450	2
14	0	300	無名のカード	1760	2
14	0	300	無名のカード	1389	2
14	0	300	無名のカード	668	2
14	0	300	無名のカード	612	2
14	0	300	無名のカード	1530	2
14	0	300	無名のカード	660	2
14	0	300	無名のカード	2361	2
14	0	300	無名のカード	773	2
14	0	300	無名のカード	2321	2
14	0	300	無名のカード	451	2
14	0	300	無名のカード	2514	2
14	0	300	無名のカード	1958	2
14	0	300	無名のカード	2233	2
14	0	300	無名のカード	1959	2
14	0	300	無名のカード	2488	2
14	0	300	無名のカード	426	2
14	0	300	無名のカード	2489	2
14	0	300	無名のカード	776	2
14	0	300	無名のカード	2322	2
14	0	300	無名のカード	778	2
14	0	300	無名のカード	2323	2
14	0	300	無名のカード	1008	2
14	0	300	無名のカード	2324	2
14	0	300	無名のカード	1664	2
14	0	300	無名のカード	305	2
14	0	300	無名のカード	1393	2
14	0	300	無名のカード	427	2
14	0	300	無名のカード	332	2
14	0	300	無名のカード	1217	2
14	0	300	無名のカード	333	2
14	0	300	無名のカード	1394	2
14	0	300	無名のカード	1761	2
14	0	300	無名のカード	334	2
14	0	300	無名のカード	2115	2
14	0	300	無名のカード	254	2
14	0	300	無名のカード	2806	2
14	0	300	無名のカード	1540	2
14	0	300	無名のカード	1762	2
14	0	300	無名のカード	2592	2
14	0	300	無名のカード	3720	2
14	0	300	無名のカード	2979	2
14	0	300	無名のカード	1117	2
14	0	300	無名のカード	3596	2
14	0	300	無名のカード	3552	2
14	0	300	無名のカード	1097	2
14	0	300	無名のカード	1376	2
14	0	300	無名のカード	3025	2
14	0	300	無名のカード	3028	2
14	0	300	無名のカード	3463	2
14	0	300	無名のカード	3031	2
14	0	300	無名のカード	3081	2
14	0	300	無名のカード	4388	2
14	0	300	無名のカード	4389	2
14	0	300	無名のカード	4390	2
14	0	300	無名のカード	4391	2
14	0	300	無名のカード	4374	2
14	0	300	無名のカード	4375	2
14	0	300	無名のカード	4376	2
14	0	300	無名のカード	4400	2
14	0	301	スラッシュバイト	1748	1
14	0	301	無名のカード	2501	2
14	0	301	無名のカード	3821	2
14	0	301	無名のカード	4597	2
14	0	301	無名のカード	4598	2
14	0	301	無名のカード	4599	2
14	0	301	無名のカード	4600	2
14	0	301	無名のカード	2810	2
14	0	301	無名のカード	1700	2
14	0	301	無名のカード	2303	2
14	0	301	無名のカード	1900	2
14	0	301	無名のカード	2811	2
14	0	301	無名のカード	2812	2
14	0	301	無名のカード	1602	2
14	0	301	無名のカード	2813	2
14	0	301	無名のカード	3488	2
14	0	302	潜在具現化鑑識	4601	1
14	0	302	無名のカード	2954	2
14	0	302	無名のカード	2955	2
14	0	302	無名のカード	2969	2
14	0	302	無名のカード	3997	2
14	0	302	無名のカード	2872	2
14	0	302	無名のカード	2708	2
14	0	302	無名のカード	1805	2
14	0	302	無名のカード	2234	2
14	0	302	無名のカード	2236	2
14	0	302	無名のカード	4602	2
14	0	302	無名のカード	2710	2
14	0	302	無名のカード	3186	2
14	0	302	無名のカード	3074	2
14	0	302	無名のカード	1018	2
14	0	302	無名のカード	1901	2
14	0	302	無名のカード	2166	2
14	0	302	無名のカード	4388	2
14	0	302	無名のカード	4389	2
14	0	302	無名のカード	4490	2
14	0	302	無名のカード	4391	2
14	0	304	♨	4528	1
14	0	304	無名のカード	3440	2
14	0	304	無名のカード	3594	2
14	0	304	無名のカード	3859	2
14	0	304	無名のカード	4603	2
14	0	304	無名のカード	4258	2
14	0	306	無名のカード	4541	2
14	0	306	無名のカード	4604	2
14	0	306	無名のカード	4605	2
14	0	306	無名のカード	4606	2
14	0	307	ぴ	4564	1
14	0	307	無名のカード	4607	2
14	0	307	無名のカード	4608	2
14	0	307	無名のカード	4609	2
14	0	307	無名のカード	4224	2
14	0	307	無名のカード	3419	2
14	0	307	無名のカード	1604	2
14	0	307	無名のカード	1808	2
14	0	308	こゆこゆにしちゃうー！	4610	1
14	0	308	無名のカード	2476	2
14	0	308	無名のカード	1792	2
14	0	308	無名のカード	1815	2
14	0	308	無名のカード	1884	2
14	0	308	無名のカード	1909	2
14	0	308	無名のカード	2409	2
14	0	308	無名のカード	3041	2
14	0	308	無名のカード	4611	2
14	0	312	潜在具現化鑑識	2804	1
14	0	312	無名のカード	1202	2
14	0	312	無名のカード	595	2
14	0	312	無名のカード	1015	2
14	0	312	無名のカード	603	2
14	0	312	無名のカード	1931	2
14	0	312	無名のカード	1396	2
14	0	312	無名のカード	2066	2
14	0	312	無名のカード	2067	2
14	0	312	無名のカード	1795	2
14	0	312	無名のカード	542	2
14	0	312	無名のカード	1360	2
14	0	312	無名のカード	706	2
14	0	312	無名のカード	2116	2
14	0	312	無名のカード	1361	2
14	0	312	無名のカード	590	2
14	0	312	無名のカード	1755	2
14	0	312	無名のカード	173	2
14	0	312	無名のカード	321	2
14	0	312	無名のカード	638	2
14	0	312	無名のカード	543	2
14	0	312	無名のカード	112	2
14	0	312	無名のカード	785	2
14	0	312	無名のカード	883	2
14	0	312	無名のカード	1821	2
14	0	312	無名のカード	1198	2
14	0	312	無名のカード	1199	2
14	0	312	無名のカード	3627	2
14	0	312	無名のカード	1200	2
14	0	312	無名のカード	3628	2
14	0	312	無名のカード	359	2
14	0	312	無名のカード	1297	2
14	0	312	無名のカード	1413	2
14	0	312	無名のカード	1950	2
14	0	312	無名のカード	1951	2
14	0	312	無名のカード	2085	2
14	0	312	無名のカード	2086	2
14	0	312	無名のカード	1823	2
14	0	312	無名のカード	1296	2
14	0	312	無名のカード	753	2
14	0	312	無名のカード	3292	2
14	0	312	無名のカード	3629	2
14	0	312	無名のカード	3294	2
14	0	312	無名のカード	3630	2
14	0	312	無名のカード	4312	2
14	0	313	無名のカード	4039	2
14	0	313	無名のカード	4116	2
14	0	313	無名のカード	2359	2
14	0	313	無名のカード	1779	2
14	0	313	無名のカード	1406	2
14	0	313	無名のカード	2189	2
14	0	313	無名のカード	1780	2
14	0	313	無名のカード	1407	2
14	0	313	無名のカード	1909	2
14	0	313	無名のカード	2409	2
14	0	314	無名のカード	2902	2
14	0	318	四指必殺	4612	1
14	0	318	無名のカード	3071	2
14	0	318	無名のカード	3535	2
14	0	318	無名のカード	3891	2
14	0	318	無名のカード	2777	2
14	0	318	無名のカード	1604	2
14	0	318	無名のカード	1808	2
14	0	318	無名のカード	4354	2
14	0	318	無名のカード	4355	2
14	0	320	ナイトメア	4458	1
14	0	320	無名のカード	2596	2
14	0	320	無名のカード	2597	2
14	0	320	無名のカード	2598	2
14	0	320	無名のカード	2599	2
14	0	320	無名のカード	2600	2
14	0	320	無名のカード	2601	2
14	0	320	無名のカード	2602	2
14	0	320	無名のカード	2603	2
14	0	320	無名のカード	2604	2
14	0	320	無名のカード	4613	2
14	0	320	無名のカード	1703	2
14	0	320	無名のカード	4354	2
14	0	320	無名のカード	4381	2
14	0	323	モラール	4614	1
14	0	323	無名のカード	2502	2
14	0	323	無名のカード	2503	2
14	0	323	無名のカード	2782	2
14	0	323	無名のカード	2783	2
14	0	323	無名のカード	4615	2
14	0	324	おなかすいた	2884	1
14	0	324	無名のカード	4616	2
14	0	324	無名のカード	4617	2
14	0	324	無名のカード	4127	2
14	0	324	無名のカード	4128	2
14	0	324	無名のカード	4618	2
14	0	324	無名のカード	1797	2
14	0	324	無名のカード	2401	2
14	0	324	無名のカード	2642	2
14	0	324	無名のカード	4354	2
14	0	324	無名のカード	4355	2
14	0	327	かみのちょっぷ	3097	1
14	0	327	無名のカード	2659	2
14	0	327	無名のカード	2045	2
14	0	327	無名のカード	3741	2
14	0	327	無名のカード	1664	2
14	0	327	無名のカード	3742	2
14	0	327	無名のカード	1972	2
14	0	327	無名のカード	2592	2
14	0	327	無名のカード	3720	2
14	0	327	無名のカード	676	2
14	0	327	無名のカード	1097	2
14	0	327	無名のカード	1376	2
14	0	327	無名のカード	2775	2
14	0	328	無名のカード	4404	2
14	0	328	無名のカード	4405	2
14	0	328	無名のカード	4406	2
14	0	328	無名のカード	4362	2
14	0	328	無名のカード	4412	2
14	0	328	無名のカード	4372	2
14	0	328	無名のカード	4474	2
14	0	330	スターゲイザーパイ（英国伝統料理）	3560	1
14	0	330	無名のカード	2819	2
14	0	330	無名のカード	2425	2
14	0	330	無名のカード	2426	2
14	0	330	無名のカード	4619	2
14	0	330	無名のカード	2659	2
14	0	330	無名のカード	2361	2
14	0	330	無名のカード	2235	2
14	0	330	無名のカード	2236	2
14	0	330	無名のカード	2237	2
14	0	330	無名のカード	3074	2
14	0	330	無名のカード	2924	2
14	0	330	無名のカード	676	2
14	0	330	無名のカード	1097	2
14	0	330	無名のカード	1376	2
14	0	330	無名のカード	4388	2
14	0	330	無名のカード	4620	2
14	0	330	無名のカード	4389	2
14	0	330	無名のカード	4390	2
14	0	330	無名のカード	4621	2
14	0	330	無名のカード	4391	2
14	0	330	無名のカード	4622	2
14	0	330	無名のカード	4374	2
14	0	330	無名のカード	4491	2
14	0	330	無名のカード	4375	2
14	0	330	無名のカード	4376	2
14	0	330	無名のカード	4492	2
14	0	330	無名のカード	4400	2
14	0	330	無名のカード	4623	2
14	0	331	無名のカード	4624	2
14	0	331	無名のカード	2659	2
14	0	331	無名のカード	2905	2
14	0	331	無名のカード	3414	2
14	0	331	無名のカード	4625	2
14	0	331	無名のカード	4626	2
14	0	331	無名のカード	1378	2
14	0	331	無名のカード	1379	2
14	0	331	無名のカード	1380	2
14	0	331	無名のカード	1381	2
14	0	331	無名のカード	2222	2
14	0	331	無名のカード	2223	2
14	0	331	無名のカード	2271	2
14	0	331	無名のカード	2272	2
14	0	331	無名のカード	676	2
14	0	331	無名のカード	1097	2
14	0	333	無名のカード	2926	2
14	0	333	無名のカード	3752	2
14	0	333	無名のカード	2651	2
14	0	333	無名のカード	1792	2
14	0	333	無名のカード	4290	2
14	0	333	無名のカード	1884	2
14	0	333	無名のカード	1909	2
14	0	333	無名のカード	3041	2
14	0	334	潜在具現化鑑識	4627	1
14	0	334	無名のカード	71	2
14	0	334	無名のカード	4032	2
14	0	334	無名のカード	741	2
14	0	334	無名のカード	651	2
14	0	334	無名のカード	69	2
14	0	334	無名のカード	4423	2
14	0	334	無名のカード	1430	2
14	0	334	無名のカード	314	2
14	0	334	無名のカード	315	2
14	0	334	無名のカード	316	2
14	0	334	無名のカード	317	2
14	0	334	無名のカード	1433	2
14	0	334	無名のカード	448	2
14	0	334	無名のカード	780	2
14	0	334	無名のカード	781	2
14	0	334	無名のカード	782	2
14	0	334	無名のカード	783	2
14	0	334	無名のカード	1747	2
14	0	334	無名のカード	2344	2
14	0	334	無名のカード	523	2
14	0	334	無名のカード	524	2
14	0	334	無名のカード	525	2
14	0	334	無名のカード	526	2
14	0	334	無名のカード	52	2
14	0	334	無名のカード	1434	2
14	0	334	無名のカード	186	2
14	0	334	無名のカード	492	2
14	0	334	無名のカード	1436	2
14	0	334	無名のカード	337	2
14	0	334	無名のカード	1524	2
14	0	334	無名のカード	1221	2
14	0	334	無名のカード	1125	2
14	0	334	無名のカード	1976	2
14	0	334	無名のカード	1126	2
14	0	334	無名のカード	1977	2
14	0	334	無名のカード	1873	2
14	0	334	無名のカード	2001	2
14	0	334	無名のカード	1411	2
14	0	339	潜在具現化鑑識	3703	1
14	0	339	無名のカード	4628	2
14	0	339	無名のカード	4434	2
14	0	339	無名のカード	2258	2
14	0	341	星のかけら	3245	1
14	0	341	無名のカード	2596	2
14	0	341	無名のカード	2597	2
14	0	341	無名のカード	2598	2
14	0	341	無名のカード	2599	2
14	0	341	無名のカード	2600	2
14	0	341	無名のカード	2601	2
14	0	341	無名のカード	2602	2
14	0	341	無名のカード	2603	2
14	0	341	無名のカード	2604	2
14	0	341	無名のカード	1703	2
14	0	343	無名のカード	4155	2
14	0	343	無名のカード	3649	2
14	0	343	無名のカード	4629	2
14	0	344	無名のカード	4354	2
14	0	347	潜在具現化鑑識	3311	1
14	0	348	無名のカード	2501	2
14	0	352	無名のカード	1335	2
14	0	352	無名のカード	3777	2
14	0	352	無名のカード	2444	2
14	0	352	無名のカード	2537	2
14	0	352	無名のカード	4630	2
14	0	352	無名のカード	4274	2
14	0	352	無名のカード	4631	2
14	0	356	無名のカード	3442	2
14	0	359	ハート型の破片	1380	1
14	0	359	無名のカード	2544	2
14	0	359	無名のカード	4632	2
14	0	359	無名のカード	4354	2
14	0	359	無名のカード	4355	2
14	0	360	ぽぉあ	2576	1
14	0	360	無名のカード	1724	2
14	0	360	無名のカード	1617	2
14	0	360	無名のカード	1606	2
14	0	360	無名のカード	2572	2
14	0	360	無名のカード	4633	2
14	0	360	無名のカード	3828	2
14	0	362	潜在具現化鑑識	4634	1
14	0	362	無名のカード	2896	2
14	0	362	無名のカード	3865	2
14	0	362	無名のカード	1602	2
14	0	362	無名のカード	2304	2
14	0	362	無名のカード	3599	2
14	0	363	塔のカードXIV	4018	1
14	0	363	無名のカード	4635	2
14	0	363	無名のカード	2883	2
14	0	363	無名のカード	4619	2
14	0	363	無名のカード	2371	2
14	0	363	無名のカード	2489	2
14	0	363	無名のカード	2234	2
14	0	363	無名のカード	3074	2
14	0	363	無名のカード	2389	2
14	0	363	無名のカード	3659	2
14	0	363	無名のカード	3376	2
14	0	363	無名のカード	1796	2
14	0	363	無名のカード	1797	2
14	0	363	無名のカード	1798	2
14	0	363	無名のカード	1180	2
14	0	363	無名のカード	1503	2
14	0	363	無名のカード	1799	2
14	0	363	無名のカード	3602	2
14	0	363	無名のカード	1833	2
14	0	363	無名のカード	3250	2
14	0	363	無名のカード	4354	2
14	0	363	無名のカード	4355	2
14	0	368	雀	2791	1
14	0	368	無名のカード	1340	2
14	0	368	無名のカード	3577	2
14	0	368	無名のカード	2277	2
14	0	368	無名のカード	3768	2
14	0	368	無名のカード	4636	2
14	0	368	無名のカード	3769	2
14	0	368	無名のカード	4637	2
14	0	368	無名のカード	4638	2
14	0	368	無名のカード	1764	2
14	0	368	無名のカード	1336	2
14	0	368	無名のカード	2070	2
14	0	368	無名のカード	2694	2
14	0	368	無名のカード	3584	2
14	0	368	無名のカード	1334	2
14	0	368	無名のカード	1333	2
14	0	368	無名のカード	1612	2
14	0	368	無名のカード	2772	2
14	0	369	潜在具現化鑑識	4639	1
14	0	369	無名のカード	3722	2
14	0	369	無名のカード	2113	2
14	0	369	無名のカード	3489	2
14	0	369	無名のカード	2397	2
14	0	369	無名のカード	2035	2
14	0	369	無名のカード	1551	2
14	0	369	無名のカード	4354	2
14	0	369	無名のカード	4355	2
14	0	369	無名のカード	4381	2
14	0	369	無名のカード	4382	2
14	0	370	殺虫剤	4640	1
14	0	370	無名のカード	4641	2
14	0	370	無名のカード	4642	2
14	0	372	潜在具現化鑑識	4643	1
14	0	372	無名のカード	2596	2
14	0	372	無名のカード	2597	2
14	0	372	無名のカード	2598	2
14	0	372	無名のカード	2599	2
14	0	372	無名のカード	2600	2
14	0	372	無名のカード	2601	2
14	0	372	無名のカード	2602	2
14	0	372	無名のカード	2603	2
14	0	372	無名のカード	2604	2
14	0	372	無名のカード	4644	2
14	0	372	無名のカード	4645	2
14	0	372	無名のカード	3997	2
14	0	373	丸太国	2838	1
14	0	373	無名のカード	6	2
14	0	373	無名のカード	184	2
14	0	373	無名のカード	607	2
14	0	373	無名のカード	715	2
14	0	373	無名のカード	2242	2
14	0	373	無名のカード	411	2
14	0	373	無名のカード	302	2
14	0	373	無名のカード	2455	2
14	0	373	無名のカード	346	2
14	0	373	無名のカード	950	2
14	0	373	無名のカード	669	2
14	0	373	無名のカード	303	2
14	0	373	無名のカード	1906	2
14	0	373	無名のカード	1269	2
14	0	373	無名のカード	1544	2
14	0	373	無名のカード	2797	2
14	0	373	無名のカード	670	2
14	0	373	無名のカード	577	2
14	0	373	無名のカード	279	2
14	0	373	無名のカード	1403	2
14	0	373	無名のカード	46	2
14	0	373	無名のカード	2965	2
14	0	373	無名のカード	578	2
14	0	373	無名のカード	57	2
14	0	373	無名のカード	4420	2
14	0	373	無名のカード	39	2
14	0	373	無名のカード	1408	2
14	0	373	無名のカード	671	2
14	0	373	無名のカード	862	2
14	0	373	無名のカード	1390	2
14	0	373	無名のカード	983	2
14	0	373	無名のカード	347	2
14	0	373	無名のカード	1194	2
14	0	373	無名のカード	68	2
14	0	373	無名のカード	246	2
14	0	373	無名のカード	400	2
14	0	373	無名のカード	1204	2
14	0	373	無名のカード	116	2
14	0	373	無名のカード	2158	2
14	0	373	無名のカード	453	2
14	0	373	無名のカード	2432	2
14	0	373	無名のカード	477	2
14	0	373	無名のカード	478	2
14	0	373	無名のカード	721	2
14	0	373	無名のカード	3311	2
14	0	373	無名のカード	4354	2
14	0	373	無名のカード	4355	2
14	0	373	無名のカード	4381	2
14	0	373	無名のカード	4382	2
14	0	374	四分五裂	2658	1
14	0	374	無名のカード	3905	2
14	0	374	無名のカード	4430	2
14	0	374	無名のカード	3960	2
14	0	374	無名のカード	4646	2
14	0	375	花びら	2232	1
14	0	375	無名のカード	4647	2
14	0	375	無名のカード	3376	2
14	0	375	無名のカード	4648	2
14	0	375	無名のカード	2148	2
14	0	375	無名のカード	1796	2
14	0	375	無名のカード	1797	2
14	0	375	無名のカード	1798	2
14	0	383	白紙のカード	1879	1
14	0	383	無名のカード	1926	2
14	0	383	無名のカード	2264	2
14	0	383	無名のカード	1826	2
14	0	383	無名のカード	621	2
14	0	383	無名のカード	2659	2
14	0	383	無名のカード	1748	2
14	0	383	無名のカード	1749	2
14	0	383	無名のカード	2361	2
14	0	383	無名のカード	399	2
14	0	383	無名のカード	2072	2
14	0	383	無名のカード	74	2
14	0	383	無名のカード	3648	2
14	0	383	無名のカード	685	2
14	0	383	無名のカード	4041	2
14	0	383	無名のカード	364	2
14	0	383	無名のカード	645	2
14	0	383	無名のカード	975	2
14	0	383	無名のカード	2073	2
14	0	383	無名のカード	976	2
14	0	383	無名のカード	2074	2
14	0	383	無名のカード	1571	2
14	0	383	無名のカード	3742	2
14	0	383	無名のカード	1217	2
14	0	383	無名のカード	2611	2
14	0	383	無名のカード	2115	2
14	0	383	無名のカード	2924	2
14	0	383	無名のカード	253	2
14	0	383	無名のカード	699	2
14	0	383	無名のカード	1804	2
14	0	383	無名のカード	336	2
14	0	383	無名のカード	708	2
14	0	383	無名のカード	703	2
14	0	383	無名のカード	848	2
14	0	383	無名のカード	756	2
14	0	383	無名のカード	2081	2
14	0	383	無名のカード	1209	2
14	0	383	無名のカード	2868	2
14	0	383	無名のカード	1972	2
14	0	383	無名のカード	500	2
14	0	383	無名のカード	676	2
14	0	383	無名のカード	4362	2
14	0	383	無名のカード	4372	2
14	0	383	無名のカード	4373	2
14	0	383	無名のカード	4364	2
14	0	383	無名のカード	4374	2
14	0	383	無名のカード	4375	2
14	0	383	無名のカード	4376	2
14	0	383	無名のカード	4400	2
14	0	383	無名のカード	4354	2
14	0	389	潜在具現化鑑識	2798	1
14	0	389	無名のカード	505	2
14	0	389	無名のカード	175	2
14	0	389	無名のカード	629	2
14	0	389	無名のカード	219	2
14	0	389	無名のカード	1218	2
14	0	389	無名のカード	259	2
14	0	389	無名のカード	490	2
14	0	389	無名のカード	508	2
14	0	389	無名のカード	389	2
14	0	389	無名のカード	831	2
14	0	389	無名のカード	1211	2
14	0	389	無名のカード	150	2
14	0	389	無名のカード	1538	2
14	0	389	無名のカード	1212	2
14	0	389	無名のカード	659	2
14	0	389	無名のカード	59	2
14	0	389	無名のカード	324	2
14	0	389	無名のカード	3047	2
14	0	389	無名のカード	3131	2
14	0	389	無名のカード	3132	2
14	0	389	無名のカード	3134	2
14	0	389	無名のカード	3135	2
14	0	389	無名のカード	3499	2
14	0	389	無名のカード	3500	2
14	0	389	無名のカード	4354	2
14	0	389	無名のカード	4381	2
14	0	391	無名のカード	4388	2
14	0	391	無名のカード	4389	2
14	0	391	無名のカード	4390	2
14	0	391	無名のカード	4374	2
14	0	391	無名のカード	4375	2
14	0	391	無名のカード	4376	2
