result_no	generate_no	e_no	name	player	
11	0	1	シャラヴィス	なつ
11	0	2	スレイン・F・アッヘンバッハ	めヰり屋
11	0	3	ザナ	ベルト
11	0	4	ドリス＝ドワイズ	アスピナ
11	0	5	アンノウン	『隠者』のアルカナナイツ
11	0	6	コモン・センス	シフォン
11	0	7	チェヌリョーザイーミエ	ソトザキ
11	0	8	ラウルス・アートルム	キャタピラーG
11	0	9	アウラ・アウレリーラ	pit
11	0	10	Mrs.オルドハットマン＆ライチ	Mrs.オルドハットマン
11	0	11	ヤマガミ・ムカイ	pH7
11	0	12	リオネラ・ワイバーン	しろたえ
11	0	13	烟玖	forest
11	0	14	闇	総元帥兼皇帝
11	0	15	パピューリカ	虫飼
11	0	16	ノムエドダオル	s
11	0	17	ズィガード・ダン・クラッシュ	ぷにる
11	0	18	シセラ	彗星精霊シセラさん
11	0	19	奈ヶ碕 綯	かのじ
11	0	20	『世界』	日夜
11	0	21	モーク・トレック	切り株
11	0	22	アルマ	はぐるま
11	0	23	トビー	ぬめぬめ
11	0	24	灰燼の魔女	ピザ
11	0	25	ルナナ	月読
11	0	26	27代目のタビビト「ああああ」	ruin
11	0	27	きつねのたぬき	如月
11	0	28	シュシュ・ペコラ・マイネリーベ	なかのマン
11	0	29	ヒムナス・クレンゲル	くし
11	0	30	死線	死線PL
11	0	31	デカパイ少佐	たんしよ
11	0	32	ラーフ	いちにの
11	0	33	シフォン	白い毛玉
11	0	34	メイカ・クリード	草刃LB
11	0	35	四野宮　真音	neuz
11	0	36	ケートゥ	リン
11	0	37	シヲ・アーユルナダ	水城待紘
11	0	38	ニール・E・C・A・ウエザラル	なかにし二朗
11	0	39	Y2トラウマギプス	匡祐。
11	0	40	アルレット＆クリスライン	gig
11	0	42	まりあ	閂
11	0	43	モニア	割引シール
11	0	44	ネムム	TAMANI
11	0	45	アマリア	ぽっとん
11	0	46	強欲で無欲な悪魔ゴギョウ	独吐ドクヲ
11	0	47	やどりぎひめ	ひとで
11	0	48	ヴォヤーヨ･ヴェヤネ	25氏
11	0	49	相楽木リンド	Kuina
11	0	50	クロシェット	りんごん
11	0	51	ラブラヴィ＝ラヴァラヴェスト	cmang
11	0	52	信者A	喪失注文
11	0	53	ヤトア・フィグルムント・ラハクジアクス	まれみ
11	0	54	『硝子の葉脈』	タカミ
11	0	55	永久の夢遊者『ネラ』	空路(そらみち)
11	0	56	フィルバート	はね
11	0	57	シーレ	ま。
11	0	58	アルシェ・アグリシア	木製柵
11	0	59	トロィスィ	ウミザリガニの背中
11	0	60	明滅する影	眠る人
11	0	61	アルメリリ	しろつめくさ
11	0	63	” ”	Km
11	0	64	クォート・ノックス	一河
11	0	65	エドアルド	千夜子
11	0	66	ジェイド＝サザンクロス	Kawamori
11	0	67	エケファトラシファ	manaf
11	0	68	コガミ＆テール	青ネコ神
11	0	69	切山 転拾	ミナト
11	0	70	アウロラ	三阪
11	0	71	煙奏者	ふらふ
11	0	72	鳩岡 野之子	虚クマー
11	0	73	はむ	はむ
11	0	74	絆の姫君と力の皇息	神覇万象/Shinha-B
11	0	76	ガモリ	榾このえ
11	0	77	レゼルト＝アルニーグ	白鏡香
11	0	78	ヒグルマ	らっきょ
11	0	79	Shrey Gardin&Labiana Vasti	CaibeR
11	0	80	エアリス・フローレンシア	白紙 あざれ
11	0	81	ワーティファナ・シェルザラディカ	やしん
11	0	82	ザリオク	みたーん
11	0	84	夜桜	ゆの
11	0	86	バッドエンジェル・グリフ	守護神ホルン
11	0	87	〈わたし〉	未知
11	0	88	オルランド	八式シギ
11	0	89	地獄の髑髏妖	ガストアルバイター's
11	0	90	アルテナ	アルテナ
11	0	91	ティア・メスティ	くらしぇ
11	0	93	ハイハラ	フローズンS
11	0	94	カウノミル	うにてろ
11	0	95	名前を捨てた者	名も捨てた少年PL
11	0	96	アクエリアス	ゆう
11	0	97	NASと宇宙探索ロボ達	ぐりーんさむ大根
11	0	99	彗星	硝子
11	0	100	クラヴィス・クレイドル	SOUSE
11	0	103	ながれぼしのミリウ	つゆ
11	0	104	代理ちゃん	綾歌 銀鈴
11	0	105	白鬼祀里	舟野馬子
11	0	106	はぴこ	ぽて
11	0	108	アラン	ぷちよ
11	0	110	アーノルド	KRNG
11	0	111	シュティル	YUMIR
11	0	112	【j-ⅩⅢ】喰らいしスォム	あどそん
11	0	113	ロズトア	やすかけ
11	0	114	ディルソ	ルルクス
11	0	115	綿毛	Rozen
11	0	117	デイ	泥
11	0	119	ツァラ・ツァラン	巫女瓜
11	0	120	ジュジュ・アークハイド＝ステイル	魅麗院　黒歌
11	0	122	捨て駒	鴉瓜
11	0	123	羽水	いさ
11	0	125	スライミー・ライム	Max
11	0	126	金色の幻影	灰川廃花
11	0	127	ミヤコ・Ｍ・ミュール	ＵＳ＠
11	0	128	ラー・アメンゼス	薩摩のかもねぎ
11	0	129	和狐	ルア
11	0	132	ナダル	eoasagi
11	0	133	ウィンテル・ノワキ・ナギ	くらぷき
11	0	134	【ⅩⅢ.死】	宮沢らすおだ＃あ
11	0	136	李紫涵	ω
11	0	137	『NN』	NoName
11	0	138	百鬼 秀真	れびん
11	0	139	エルタ・ボルテック	こっとん
11	0	140	クラーズ・シー	ないしょ
11	0	141	　	黒
11	0	142	Gone Past	Hata.K
11	0	143	ネクサ・アツィルト	エクサ
11	0	144	天藍花	＊
11	0	147	時文 渡	バックドア
11	0	149	ユハル	NEK
11	0	150	“Silent-Terror”	七星昴
11	0	152	カティア・フラージェン	アユム
11	0	154	フリージア	け～け
11	0	155	チ・シーア	もつ
11	0	156	収穫神（ハーヴェスター）　コンヴァイン	らぴねる
11	0	157	エミール・アレクサンダー	比良坂
11	0	158	ルディ・アレクサンダー	くさったおさとう
11	0	159	ケス	イチ
11	0	160	星巡りのコンステレイション	833
11	0	163	上澤　瑠衣	駄無PL
11	0	164	ライン	乙
11	0	166	夢見坂 幽	夢幽
11	0	168	レナ・ウィルシア	キリアム・イェーガー
11	0	169	旅人	如月
11	0	173	くろいの	ラスラート
11	0	174	スフィリム＝ユウガ	まろみ
11	0	175	ペルラ	星
11	0	176	ソウルイーター・カルヴォス	トモッチ
11	0	177	竜魔法使い　ＤＣＲＮ	幻水
11	0	179	カシュー・トレンド	空定
11	0	181	虹掛山古墳	KuuleroV
11	0	183	苗	新緑
11	0	184	デラシネ	はと
11	0	185	ヨシノ	欧柄
11	0	187	ミハク	島兎
11	0	188	光と影のディヴァイナー	ゆふ
11	0	189	大熊座のロカム	ちびわんこ
11	0	190	早川 千尋	椎名 有夜
11	0	195	ミーティ・クラウ	Ｈ．Ｍ
11	0	197	ブルース・ブルドン・フォントフレード	えーや
11	0	198	家津和佳菜	森羅
11	0	199	ベルカナ	skrige
11	0	202	ヤマツ	タムラベ
11	0	203	昴	セミ
11	0	204	フィルロズ・ハーロット	ィ
11	0	209	黒点のアルザーン	zook
11	0	210	ヒナ=ナナミ	しの
11	0	211	灰の歌姫エレナ	Silvance
11	0	212	リゲル・ラーティカイネン	かのしき
11	0	213	蝙蝠傘男	つなかん
11	0	215	リベラ・キングリーヴス	綺桜
11	0	216	グラッド	.
11	0	217	ラクサ・ストレイシープ	鈴風 鴻
11	0	218	陰下 知哉	塩
11	0	219	水竜姫ミィリス	mogu416
11	0	220	ユーグ＝ログ＝エイリアス	えりー
11	0	221	シリス	ゆめっぽい
11	0	222	黄金ニャベツ	つき
11	0	224	アレル･クランク	チーズ
11	0	225	ミナ	まなもち
11	0	227	渡辺あゆと	渡辺あゆとPL
11	0	228	鴬谷モナカ	日頃
11	0	231	うさぎのバニラ	Takuto
11	0	233	榊原　要	陸玄
11	0	234	白のヒトガタ	N
11	0	235	アンブロジア	P
11	0	236	over=sun	社長B
11	0	237	クルセリウス・カルラ	闇乃王PL
11	0	238	常夜燈は舞う	アサリのスープ
11	0	240	Obladi_OreOle	風切快夢
11	0	241	嵯藤 九助	睡眠男
11	0	242	ミザール	クアトロフォルマッジ
11	0	243	ウーリ・M・アルムスター	まーじ
11	0	244	鋭司	Neon
11	0	245	メゴロオオザリガニ	elec.
11	0	246	ルト	肉
11	0	247	スペ・ストレン	黒岩さび
11	0	248	灰猫	おきよ
11	0	249	ウェズリィ=ガレリィ	so*me
11	0	250	女神	puso
11	0	251	櫛闇コヨリ	ささみさん
11	0	252	アルジオキサ	せーら
11	0	253	神への供物	花葉
11	0	254	螺寿雲	＋
11	0	255	締切	ぐるこさみん
11	0	256	緋色の狐	EvilFox
11	0	258	ヴォワヤジェールの料理人	音色（おといろ）
11	0	259	ジョーカー	漂馬
11	0	260	メイナード・ウォーカー	toki
11	0	261	シロ	シロ
11	0	262	フィクスト	ポー
11	0	265	はりねずみさん	はりねずみさんPL
11	0	266	歩行爆弾	歩行爆弾
11	0	268	なにかの影	偽影
11	0	270	シェルシェーリィ・Ｍ・ウェーハスハール	蒼咲
11	0	271	スクアーロ・ペスカドール	ヤッコイ
11	0	272	アカリ・クリムデリット	白
11	0	276	イモム氏	ダボンボ
11	0	277	ボウフラ	コウノセ
11	0	278	アウエーレ＝サリヴ・サリヴァン	ぎぃ。
11	0	279	フェルノート・ルティ・スタンバウンス	フィスティ
11	0	283	エリュシアとマリシア	まりぃ
11	0	284	虫ちゃん	笛氷
11	0	285	コルネリア・S・プラターネ	ボノ
11	0	286	ジェイイガ＝ルノ＝ダナン	やまもと
11	0	287	ダリダ = マッツォーラ	ダリダ = マッツォーラ
11	0	288	ネルケ	やさか
11	0	290	ルブル＝ゼア＝ヴェール	あまみ
11	0	296	アリィズ：ベル・カラン・リィン	謎人
11	0	299	ルミエリ	ym
11	0	300	リーヴィア	werueru
11	0	301	アレックス・ドルミール	びぶらん
11	0	302	レイア・ドルミール	るるいる
11	0	303	クマダ	あすかパン
11	0	304	おやゆぴ	七ツ橋
11	0	306	くすりゆぴ	ゆじ。
11	0	307	ひとさしゆぴ	ゆ
11	0	308	こゆぴ	ゆ！K！
11	0	311	ゼロ	せ
11	0	312	ライラ	奏
11	0	313	バルシャン・アルコサイス	さかみ　さち
11	0	314	ノアハ・ホプキンソン	うめぼし大納言
11	0	315	ルイン・クラスト	Lect
11	0	316	みしゅりーぬ	メイパー
11	0	318	なかゆぴ	愚かな四足獣
11	0	320	シンセミア	ベスパ
11	0	321	眠り姫ドルミーレ	holo
11	0	322	ミクラノイナホナミノカミ	どぷり
11	0	323	マフィ=ドリゾリッド	ぼんさん
11	0	324	てるてるぼうず	Unununium
11	0	326	ジーン・ターナー	Ian
11	0	327	神様	来人（改β）
11	0	328	＊＊＊＊	po
11	0	330	サンマ	マフ
11	0	331	大根	Cid
11	0	333	ハインツ	カミヤキサラ
11	0	334	エリストリア	tierkreis
11	0	338	フローリカ	結城
11	0	339	ゲオルグ=シーカー	きし
11	0	341	ラムネ＆ミミ	やつふさいぶき
11	0	342	クラヴィス・オルビオラ	日野宗谷
11	0	343	オーランド・ブライゼン	オーランド・ブライゼン
11	0	344	クーリエルフィ	Hrkz
11	0	347	ラヴァンダル・バナフセギー・ナビール	ディアボロス
11	0	348	天使　美月	ブランチェット
11	0	352	イルメナ	しのだ
11	0	353	サンクタス	louro
11	0	356	野生化した猫	十戸
11	0	359	ガオール	ランプ
11	0	360	アデニウム	はこみ
11	0	361	棺桶の亡者	＾
11	0	362	聖女	3null砲
11	0	363	ソーン・ウォーカー	空理
11	0	368	イゼット・エヴェレン	はっぱたそ
11	0	369	黄金原さん	黄金原さん
11	0	370	紅茶の魔王『ディボーチ』	おっとり刀
11	0	372	ローデヴェイク・ファン・デル・フーフン	甲殻類
11	0	373	スプジドグファスプ	山菜育ち
11	0	374	タンブル・ウィード	かっこ
11	0	375	花の妖精	flower
11	0	379	宗百合　V　神楽	Y
11	0	383	チーロ・チェルベット	雨酒
11	0	384	貴八社宮永遠	カセナ
11	0	389	テケシ・グラウンス	lagia
11	0	391	セシリア	砂布巾
11	0	392	炎霧	ブリック
