result_no	generate_no	e_no	invation_col	invation_lv	return_col	return_lv	
6	0	1	B	6	B	6
6	0	2	V	4	V	4
6	0	3	F	6	F	6
6	0	4	K	6	K	6
6	0	5	U	4	U	4
6	0	6	T	5	T	5
6	0	7	U	5	U	5
6	0	8	T	6	T	6
6	0	9	E	6	E	6
6	0	10	H	6	H	6
6	0	11	J	4	J	4
6	0	12	F	6	F	6
6	0	13	F	6	F	6
6	0	14	T	6	T	6
6	0	15	Q	6	Q	6
6	0	16	R	6	R	6
6	0	17	S	6	S	6
6	0	18	M	6	M	6
6	0	19	J	6	J	6
6	0	20	R	6	R	6
6	0	21		-1	I	6
6	0	22	K	6	K	6
6	0	23	V	6	V	6
6	0	24	H	4	H	4
6	0	25		-1	G	5
6	0	26	P	4	P	4
6	0	27		-1	V	2
6	0	28	M	6	M	6
6	0	29		-1	H	4
6	0	30	K	5	K	5
6	0	31	G	6	G	6
6	0	32	H	6	H	6
6	0	33	E	6	E	6
6	0	34	I	3	I	3
6	0	35	Q	4	Q	4
6	0	36	P	6	P	6
6	0	37	K	6	K	6
6	0	38	B	5	B	5
6	0	39	C	6	C	6
6	0	40		-1	L	6
6	0	41		-1	H	3
6	0	42	P	6	P	6
6	0	43	V	6	V	6
6	0	44	M	6	M	6
6	0	45	C	6	C	6
6	0	46	E	5	E	5
6	0	47		-1	M	1
6	0	48	D	5	D	5
6	0	49	C	6	C	6
6	0	50	O	3	O	3
6	0	51	P	6	P	6
6	0	52	S	4	S	4
6	0	53	M	6	M	6
6	0	54		-1	U	5
6	0	55	H	5	H	5
6	0	56	E	6	E	6
6	0	57	I	6	I	6
6	0	58	D	4	D	4
6	0	59		-1	P	4
6	0	60	U	6	U	6
6	0	61	O	5	O	5
6	0	62	Q	6	Q	6
6	0	63	V	4	V	4
6	0	64	F	6	F	6
6	0	65	N	5	N	5
6	0	66	G	6	G	6
6	0	68	B	6	B	6
6	0	69	T	4	T	4
6	0	70	H	4	H	4
6	0	71	D	5	D	5
6	0	72	F	4	F	4
6	0	73	L	4	L	4
6	0	74		-1	U	4
6	0	75	F	4	F	4
6	0	76	I	5	I	5
6	0	77		-1	L	1
6	0	78	I	6	I	6
6	0	79	O	6	O	6
6	0	80	D	6	D	6
6	0	81	J	6	J	6
6	0	82		-1	Q	1
6	0	83		-1	H	5
6	0	84	N	6	N	6
6	0	85		-1	Q	3
6	0	86	Q	6	Q	6
6	0	87		-1	D	4
6	0	88		-1	T	4
6	0	89	D	4	D	4
6	0	90	F	6	F	6
6	0	91	E	6	E	6
6	0	93	R	4	R	4
6	0	94		-1	J	2
6	0	95	M	6	M	6
6	0	96	D	3	D	3
6	0	97	O	6	O	6
6	0	98		-1	B	1
6	0	99	F	6	F	6
6	0	100	F	5	F	5
6	0	101		-1	F	1
6	0	102		-1	H	4
6	0	103	L	6	L	6
6	0	104	J	6	J	6
6	0	105	T	3	T	3
6	0	106	J	6	J	6
6	0	107	H	6	H	6
6	0	109	R	6	R	6
6	0	110	F	6	F	6
6	0	111	D	6	D	6
6	0	112	J	6	J	6
6	0	113	U	6	U	6
6	0	114	R	6	R	6
6	0	115		-1	O	2
6	0	116		-1	P	3
6	0	117	T	4	T	4
6	0	119	R	6	R	6
6	0	120	E	3	E	3
6	0	122	G	6	G	6
6	0	123	C	6	C	6
6	0	124	M	5	M	5
6	0	125	S	4	S	4
6	0	127	M	6	M	6
6	0	128	B	6	B	6
6	0	130		-1	E	3
6	0	131		-1	S	6
6	0	132	M	2	M	2
6	0	133	S	6	S	6
6	0	134	B	5	B	5
6	0	136	N	6	N	6
6	0	139	I	6	I	6
6	0	140	H	6	H	6
6	0	141	L	6	L	6
6	0	142	J	6	J	6
6	0	143	M	5	M	5
6	0	144	S	6	S	6
6	0	146		-1	M	5
6	0	147	I	5	I	5
6	0	148	E	3	E	3
6	0	149	P	6	P	6
6	0	154	J	4	J	4
6	0	155		-1	E	5
6	0	156	O	5	O	5
6	0	157	N	6	N	6
6	0	158	T	6	T	6
6	0	159	E	6	E	6
6	0	160	V	4	V	4
6	0	161	F	4	F	4
6	0	162		-1	A	4
6	0	163	E	4	E	4
6	0	164	K	5	K	5
6	0	166	E	4	E	4
6	0	167	K	4	K	4
6	0	168	E	3	E	3
6	0	169	R	4	R	4
6	0	172		-1	M	2
6	0	173	I	6	I	6
6	0	174		-1	O	2
6	0	175	A	5	A	5
6	0	176	J	5	J	5
6	0	177		-1	H	4
6	0	179	P	6	P	6
6	0	180		-1	I	3
6	0	181	G	4	G	4
6	0	183	G	4	G	4
6	0	184	L	4	L	4
6	0	185	M	6	M	6
6	0	187	S	5	S	5
6	0	188	Q	6	Q	6
6	0	189		-1	S	4
6	0	190	J	6	J	6
6	0	191		-1	S	4
6	0	193		-1	S	2
6	0	194	U	3	U	3
6	0	195	B	6	B	6
6	0	197		-1	R	6
6	0	198	M	6	M	6
6	0	199	M	6	M	6
6	0	200		-1	H	5
6	0	201		-1	K	3
6	0	202	I	4	I	4
6	0	203	S	4	S	4
6	0	204	N	4	N	4
6	0	208	U	4	U	4
6	0	209	A	6	A	6
6	0	210	E	3	E	3
6	0	211	D	6	D	6
6	0	212		-1	M	5
6	0	213	Q	5	Q	5
6	0	215	C	4	C	4
6	0	216	R	2	R	2
6	0	217	B	6	B	6
6	0	218	Q	4	Q	4
6	0	219	N	6	N	6
6	0	220	J	4	J	4
6	0	221	F	6	F	6
6	0	222	L	4	L	4
6	0	224	O	6	O	6
6	0	225		-1	H	1
6	0	227	B	5	B	5
6	0	228	M	4	M	4
6	0	229		-1	C	3
6	0	230	U	5	U	5
6	0	231	F	6	F	6
6	0	232		-1	D	4
6	0	233	S	6	S	6
6	0	234	N	6	N	6
6	0	235	A	6	A	6
6	0	236	K	6	K	6
6	0	237		-1	I	4
6	0	238	L	6	L	6
6	0	240	I	5	I	5
6	0	241	D	6	D	6
6	0	242	D	6	D	6
6	0	243	M	5	M	5
6	0	244	N	6	N	6
6	0	245	Q	4	Q	4
6	0	246		-1	N	4
6	0	247	F	6	F	6
6	0	248	V	5	V	5
6	0	249	O	6	O	6
6	0	250	U	5	U	5
6	0	251	N	4	N	4
6	0	252	O	5	O	5
6	0	253	L	6	L	6
6	0	254	P	6	P	6
6	0	255	U	6	U	6
6	0	256	R	6	R	6
6	0	258	J	3	J	3
6	0	259	O	6	O	6
6	0	260	J	6	J	6
6	0	261	S	6	S	6
6	0	262	E	5	E	5
6	0	265		-1	A	4
6	0	266	G	6	G	6
6	0	268	U	4	U	4
6	0	270	D	4	D	4
6	0	271	B	4	B	4
6	0	272	N	6	N	6
6	0	274		-1	F	2
6	0	276	V	5	V	5
6	0	277	R	6	R	6
6	0	278	G	5	G	5
6	0	279	I	5	I	5
6	0	280		-1	O	3
6	0	283	E	6	E	6
6	0	284	J	6	J	6
6	0	285	J	6	J	6
6	0	286	C	6	C	6
6	0	287	I	6	I	6
6	0	288	R	6	R	6
6	0	289		-1	N	2
6	0	290		-1	N	1
6	0	293		-1	R	1
6	0	294		-1	I	2
6	0	295		-1	M	4
6	0	296	L	4	L	4
6	0	297	R	6	R	6
6	0	298		-1	J	3
6	0	299	U	6	U	6
6	0	300	O	6	O	6
6	0	301	F	6	F	6
6	0	302	D	6	D	6
6	0	303	B	6	B	6
6	0	304	E	5	E	5
6	0	305		-1	T	4
6	0	306	A	6	A	6
6	0	307	Q	6	Q	6
6	0	308	B	6	B	6
6	0	310		-1	N	5
6	0	311	G	5	G	5
6	0	312	R	6	R	6
6	0	313	S	6	S	6
6	0	314	A	4	A	4
6	0	315		-1	M	4
6	0	316	B	3	B	3
6	0	317		-1	M	4
6	0	318	I	6	I	6
6	0	320	O	6	O	6
6	0	321	B	6	B	6
6	0	322	M	4	M	4
6	0	323		-1	G	4
6	0	324	F	4	F	4
6	0	325		-1	T	5
6	0	326	M	4	M	4
6	0	327	A	6	A	6
6	0	328	E	6	E	6
6	0	329		-1	E	4
6	0	330	D	5	D	5
6	0	331	V	5	V	5
6	0	333	I	5	I	5
6	0	334	M	6	M	6
6	0	338		-1	G	3
6	0	339	S	6	S	6
6	0	341	K	6	K	6
6	0	342	Q	4	Q	4
6	0	343	F	6	F	6
6	0	344	O	4	O	4
6	0	346	B	1	B	1
6	0	347	R	6	R	6
6	0	348	D	6	D	6
6	0	349		-1	V	5
6	0	352	N	3	N	3
6	0	353	I	6	I	6
6	0	356	N	6	N	6
6	0	359	H	5	H	5
6	0	360	N	6	N	6
6	0	361	N	5	N	5
6	0	362	E	6	E	6
6	0	363	R	6	R	6
6	0	364		-1	O	4
6	0	365		-1	Q	4
6	0	368	G	6	G	6
6	0	369	F	6	F	6
6	0	370	D	4	D	4
6	0	372	U	6	U	6
6	0	373	T	6	T	6
6	0	374	V	6	V	6
6	0	375	T	6	T	6
6	0	378		-1	F	2
6	0	379	G	4	G	4
6	0	383	L	6	L	6
6	0	384	M	4	M	4
6	0	389	E	5	E	5
6	0	390	V	3	V	3
6	0	391	P	5	P	5
6	0	392	R	6	R	6
